[25Jul2025 01:36:57.870] [main/INFO] [cpw.mods.modlauncher.Launcher/MODLAUNCHER]: ModLauncher running: args [--launchTarget, forgeserver, --fml.forgeVersion, 47.3.7, --fml.mcVersion, 1.20.1, --fml.forgeGroup, net.minecraftforge, --fml.mcpVersion, 20230612.114412, nogui]
[25Jul2025 01:36:57.875] [main/INFO] [cpw.mods.modlauncher.Launcher/MODLAUNCHER]: ModLauncher 10.0.9+10.0.9+main.dcd20f30 starting: java version 17.0.15 by Ubuntu; OS Linux arch amd64 version 6.8.0-1030-azure
[25Jul2025 01:36:57.921] [main/DEBUG] [cpw.mods.modlauncher.LaunchServiceHandler/MODLAUNCHER]: Found launch services [fmlclientdev,forgeclient,minecraft,forgegametestserverdev,fmlserveruserdev,fmlclient,fmldatauserdev,forgeserverdev,forgeserveruserdev,forgeclientdev,forgeclientuserdev,forgeserver,forgedatadev,fmlserver,fmlclientuserdev,fmlserverdev,forgedatauserdev,testharness,forgegametestserveruserdev]
[25Jul2025 01:36:57.937] [main/DEBUG] [cpw.mods.modlauncher.NameMappingServiceHandler/MODLAUNCHER]: Found naming services : [srgtomcp]
[25Jul2025 01:36:57.959] [main/DEBUG] [cpw.mods.modlauncher.LaunchPluginHandler/MODLAUNCHER]: Found launch plugins: [mixin,eventbus,slf4jfixer,object_holder_definalize,runtime_enum_extender,capability_token_subclass,accesstransformer,runtimedistcleaner]
[25Jul2025 01:36:57.973] [main/DEBUG] [cpw.mods.modlauncher.TransformationServicesHandler/MODLAUNCHER]: Discovering transformation services
[25Jul2025 01:36:57.979] [main/DEBUG] [net.minecraftforge.fml.loading.FMLPaths/CORE]: Path GAMEDIR is /workspaces/sefd/servidor_minecraft
[25Jul2025 01:36:57.980] [main/DEBUG] [net.minecraftforge.fml.loading.FMLPaths/CORE]: Path MODSDIR is /workspaces/sefd/servidor_minecraft/mods
[25Jul2025 01:36:57.980] [main/DEBUG] [net.minecraftforge.fml.loading.FMLPaths/CORE]: Path CONFIGDIR is /workspaces/sefd/servidor_minecraft/config
[25Jul2025 01:36:57.980] [main/DEBUG] [net.minecraftforge.fml.loading.FMLPaths/CORE]: Path FMLCONFIG is /workspaces/sefd/servidor_minecraft/config/fml.toml
[25Jul2025 01:36:59.478] [main/DEBUG] [cpw.mods.modlauncher.TransformationServicesHandler/MODLAUNCHER]: Found additional transformation services from discovery services: 
[25Jul2025 01:36:59.486] [main/INFO] [net.minecraftforge.fml.loading.ImmediateWindowHandler/]: ImmediateWindowProvider not loading because launch target is forgeserver
[25Jul2025 01:36:59.500] [main/DEBUG] [cpw.mods.modlauncher.TransformationServicesHandler/MODLAUNCHER]: Found transformer services : [mixin,fml]
[25Jul2025 01:36:59.502] [main/DEBUG] [cpw.mods.modlauncher.TransformationServicesHandler/MODLAUNCHER]: Transformation services loading
[25Jul2025 01:36:59.503] [main/DEBUG] [cpw.mods.modlauncher.TransformationServiceDecorator/MODLAUNCHER]: Loading service mixin
[25Jul2025 01:36:59.503] [main/DEBUG] [cpw.mods.modlauncher.TransformationServiceDecorator/MODLAUNCHER]: Loaded service mixin
[25Jul2025 01:36:59.503] [main/DEBUG] [cpw.mods.modlauncher.TransformationServiceDecorator/MODLAUNCHER]: Loading service fml
[25Jul2025 01:36:59.504] [main/DEBUG] [net.minecraftforge.fml.loading.LauncherVersion/CORE]: Found FMLLauncher version 1.0
[25Jul2025 01:36:59.504] [main/DEBUG] [net.minecraftforge.fml.loading.FMLLoader/CORE]: FML 1.0 loading
[25Jul2025 01:36:59.506] [main/DEBUG] [net.minecraftforge.fml.loading.FMLLoader/CORE]: FML found ModLauncher version : 10.0.9+10.0.9+main.dcd20f30
[25Jul2025 01:36:59.506] [main/DEBUG] [net.minecraftforge.fml.loading.FMLLoader/CORE]: FML found AccessTransformer version : 8.0.4+66+master.c09db6d7
[25Jul2025 01:36:59.507] [main/DEBUG] [net.minecraftforge.fml.loading.FMLLoader/CORE]: FML found EventBus version : 6.0.5+6.0.5+master.eb8e549b
[25Jul2025 01:36:59.507] [main/DEBUG] [net.minecraftforge.fml.loading.FMLLoader/CORE]: Found Runtime Dist Cleaner
[25Jul2025 01:36:59.508] [main/DEBUG] [net.minecraftforge.fml.loading.FMLLoader/CORE]: FML found CoreMod version : 5.1.6
[25Jul2025 01:36:59.510] [main/DEBUG] [net.minecraftforge.fml.loading.FMLLoader/CORE]: Found ForgeSPI package implementation version 7.0.1+7.0.1+master.d2b38bf6
[25Jul2025 01:36:59.510] [main/DEBUG] [net.minecraftforge.fml.loading.FMLLoader/CORE]: Found ForgeSPI package specification 5
[25Jul2025 01:36:59.510] [main/DEBUG] [cpw.mods.modlauncher.TransformationServiceDecorator/MODLAUNCHER]: Loaded service fml
[25Jul2025 01:36:59.511] [main/DEBUG] [cpw.mods.modlauncher.TransformationServicesHandler/MODLAUNCHER]: Configuring option handling for services
[25Jul2025 01:36:59.520] [main/DEBUG] [cpw.mods.modlauncher.TransformationServicesHandler/MODLAUNCHER]: Transformation services initializing
[25Jul2025 01:36:59.521] [main/DEBUG] [cpw.mods.modlauncher.TransformationServiceDecorator/MODLAUNCHER]: Initializing transformation service mixin
[25Jul2025 01:36:59.541] [main/DEBUG] [mixin/]: MixinService [ModLauncher] was successfully booted in cpw.mods.cl.ModuleClassLoader@1e7c7811
[25Jul2025 01:36:59.566] [main/INFO] [mixin/]: SpongePowered MIXIN Subsystem Version=0.8.5 Source=union:/workspaces/sefd/servidor_minecraft/libraries/org/spongepowered/mixin/0.8.5/mixin-0.8.5.jar%2365!/ Service=ModLauncher Env=SERVER
[25Jul2025 01:36:59.570] [main/DEBUG] [mixin/]: Initialising Mixin Platform Manager
[25Jul2025 01:36:59.570] [main/DEBUG] [mixin/]: Adding mixin platform agents for container ModLauncher Root Container(ModLauncher:4f56a0a2)
[25Jul2025 01:36:59.571] [main/DEBUG] [mixin/]: Instancing new MixinPlatformAgentMinecraftForge for ModLauncher Root Container(ModLauncher:4f56a0a2)
[25Jul2025 01:36:59.571] [main/DEBUG] [mixin/]: MixinPlatformAgentMinecraftForge rejected container ModLauncher Root Container(ModLauncher:4f56a0a2)
[25Jul2025 01:36:59.572] [main/DEBUG] [mixin/]: Instancing new MixinPlatformAgentDefault for ModLauncher Root Container(ModLauncher:4f56a0a2)
[25Jul2025 01:36:59.572] [main/DEBUG] [mixin/]: MixinPlatformAgentDefault accepted container ModLauncher Root Container(ModLauncher:4f56a0a2)
[25Jul2025 01:36:59.576] [main/DEBUG] [cpw.mods.modlauncher.TransformationServiceDecorator/MODLAUNCHER]: Initialized transformation service mixin
[25Jul2025 01:36:59.576] [main/DEBUG] [cpw.mods.modlauncher.TransformationServiceDecorator/MODLAUNCHER]: Initializing transformation service fml
[25Jul2025 01:36:59.576] [main/DEBUG] [net.minecraftforge.fml.loading.FMLServiceProvider/CORE]: Setting up basic FML game directories
[25Jul2025 01:36:59.576] [main/DEBUG] [net.minecraftforge.fml.loading.FMLPaths/CORE]: Path GAMEDIR is /workspaces/sefd/servidor_minecraft
[25Jul2025 01:36:59.577] [main/DEBUG] [net.minecraftforge.fml.loading.FMLPaths/CORE]: Path MODSDIR is /workspaces/sefd/servidor_minecraft/mods
[25Jul2025 01:36:59.577] [main/DEBUG] [net.minecraftforge.fml.loading.FMLPaths/CORE]: Path CONFIGDIR is /workspaces/sefd/servidor_minecraft/config
[25Jul2025 01:36:59.577] [main/DEBUG] [net.minecraftforge.fml.loading.FMLPaths/CORE]: Path FMLCONFIG is /workspaces/sefd/servidor_minecraft/config/fml.toml
[25Jul2025 01:36:59.577] [main/DEBUG] [net.minecraftforge.fml.loading.FMLServiceProvider/CORE]: Loading configuration
[25Jul2025 01:36:59.582] [main/DEBUG] [net.minecraftforge.fml.loading.FMLServiceProvider/CORE]: Preparing ModFile
[25Jul2025 01:36:59.586] [main/DEBUG] [net.minecraftforge.fml.loading.FMLServiceProvider/CORE]: Preparing launch handler
[25Jul2025 01:36:59.586] [main/DEBUG] [net.minecraftforge.fml.loading.FMLLoader/CORE]: Using forgeserver as launch service
[25Jul2025 01:36:59.606] [main/DEBUG] [net.minecraftforge.fml.loading.FMLLoader/CORE]: Received command line version data  : VersionInfo[forgeVersion=47.3.7, mcVersion=1.20.1, mcpVersion=20230612.114412, forgeGroup=net.minecraftforge]
[25Jul2025 01:36:59.609] [main/DEBUG] [cpw.mods.modlauncher.TransformationServiceDecorator/MODLAUNCHER]: Initialized transformation service fml
[25Jul2025 01:36:59.610] [main/DEBUG] [cpw.mods.modlauncher.NameMappingServiceHandler/MODLAUNCHER]: Current naming domain is 'srg'
[25Jul2025 01:36:59.610] [main/DEBUG] [cpw.mods.modlauncher.NameMappingServiceHandler/MODLAUNCHER]: Identified name mapping providers {}
[25Jul2025 01:36:59.611] [main/DEBUG] [cpw.mods.modlauncher.TransformationServicesHandler/MODLAUNCHER]: Transformation services begin scanning
[25Jul2025 01:36:59.611] [main/DEBUG] [cpw.mods.modlauncher.TransformationServiceDecorator/MODLAUNCHER]: Beginning scan trigger - transformation service mixin
[25Jul2025 01:36:59.612] [main/DEBUG] [cpw.mods.modlauncher.TransformationServiceDecorator/MODLAUNCHER]: End scan trigger - transformation service mixin
[25Jul2025 01:36:59.612] [main/DEBUG] [cpw.mods.modlauncher.TransformationServiceDecorator/MODLAUNCHER]: Beginning scan trigger - transformation service fml
[25Jul2025 01:36:59.612] [main/DEBUG] [net.minecraftforge.fml.loading.FMLServiceProvider/CORE]: Initiating mod scan
[25Jul2025 01:36:59.624] [main/DEBUG] [net.minecraftforge.fml.loading.moddiscovery.ModListHandler/CORE]: Found mod coordinates from lists: []
[25Jul2025 01:36:59.632] [main/DEBUG] [net.minecraftforge.fml.loading.moddiscovery.ModDiscoverer/CORE]: Found Mod Locators : (mods folder:null),(maven libs:null),(exploded directory:null),(minecraft:null),(userdev classpath:null)
[25Jul2025 01:36:59.632] [main/DEBUG] [net.minecraftforge.fml.loading.moddiscovery.ModDiscoverer/CORE]: Found Dependency Locators : (JarInJar:null)
[25Jul2025 01:36:59.641] [main/DEBUG] [net.minecraftforge.fml.loading.moddiscovery.ModFileParser/LOADING]: Considering mod file candidate /workspaces/sefd/servidor_minecraft/mods/architectury-9.2.14-forge.jar
[25Jul2025 01:36:59.703] [main/DEBUG] [net.minecraftforge.fml.loading.moddiscovery.ModFileInfo/LOADING]: Found valid mod file architectury-9.2.14-forge.jar with {architectury} mods - versions {9.2.14}
[25Jul2025 01:36:59.706] [main/DEBUG] [net.minecraftforge.fml.loading.moddiscovery.ModFileParser/LOADING]: Considering mod file candidate /workspaces/sefd/servidor_minecraft/mods/azurelib-neo-1.20.1-3.0.9.jar
[25Jul2025 01:36:59.707] [main/DEBUG] [net.minecraftforge.fml.loading.moddiscovery.ModFileInfo/LOADING]: Found valid mod file azurelib-neo-1.20.1-3.0.9.jar with {azurelib} mods - versions {3.0.9}
[25Jul2025 01:36:59.709] [main/DEBUG] [net.minecraftforge.fml.loading.moddiscovery.ModFileParser/LOADING]: Considering mod file candidate /workspaces/sefd/servidor_minecraft/mods/cloth-config-11.1.136-forge.jar
[25Jul2025 01:36:59.710] [main/DEBUG] [net.minecraftforge.fml.loading.moddiscovery.ModFileInfo/LOADING]: Found valid mod file cloth-config-11.1.136-forge.jar with {cloth_config} mods - versions {11.1.136}
[25Jul2025 01:36:59.712] [main/DEBUG] [net.minecraftforge.fml.loading.moddiscovery.ModFileParser/LOADING]: Considering mod file candidate /workspaces/sefd/servidor_minecraft/mods/DungeonsArise-1.20.x-2.1.58-release.jar
[25Jul2025 01:36:59.714] [main/DEBUG] [net.minecraftforge.fml.loading.moddiscovery.ModFileInfo/LOADING]: Found valid mod file DungeonsArise-1.20.x-2.1.58-release.jar with {dungeons_arise} mods - versions {2.1.58-1.20.x}
[25Jul2025 01:36:59.716] [main/DEBUG] [net.minecraftforge.fml.loading.moddiscovery.ModFileParser/LOADING]: Considering mod file candidate /workspaces/sefd/servidor_minecraft/mods/elementalcreepers-4.1.1-1.20.1.jar
[25Jul2025 01:36:59.718] [main/DEBUG] [net.minecraftforge.fml.loading.moddiscovery.ModFileInfo/LOADING]: Found valid mod file elementalcreepers-4.1.1-1.20.1.jar with {elementalcreepers} mods - versions {4.1.1-1.20.1}
[25Jul2025 01:36:59.721] [main/DEBUG] [net.minecraftforge.fml.loading.moddiscovery.ModFileParser/LOADING]: Considering mod file candidate /workspaces/sefd/servidor_minecraft/mods/geckolib-forge-1.20.1-4.7.3.jar
[25Jul2025 01:36:59.723] [main/DEBUG] [net.minecraftforge.fml.loading.moddiscovery.ModFileInfo/LOADING]: Found valid mod file geckolib-forge-1.20.1-4.7.3.jar with {geckolib} mods - versions {4.7.3}
[25Jul2025 01:36:59.727] [main/DEBUG] [net.minecraftforge.fml.loading.moddiscovery.ModFileParser/LOADING]: Considering mod file candidate /workspaces/sefd/servidor_minecraft/mods/jcraft-forge-0.17.2.jar
[25Jul2025 01:36:59.729] [main/DEBUG] [net.minecraftforge.fml.loading.moddiscovery.ModFileInfo/LOADING]: Found valid mod file jcraft-forge-0.17.2.jar with {jcraft} mods - versions {0.17.2}
[25Jul2025 01:36:59.731] [main/DEBUG] [net.minecraftforge.fml.loading.moddiscovery.ModFileParser/LOADING]: Considering mod file candidate /workspaces/sefd/servidor_minecraft/mods/jei-1.20.1-forge-15.20.0.112.jar
[25Jul2025 01:36:59.733] [main/DEBUG] [net.minecraftforge.fml.loading.moddiscovery.ModFileInfo/LOADING]: Found valid mod file jei-1.20.1-forge-15.20.0.112.jar with {jei} mods - versions {15.20.0.112}
[25Jul2025 01:36:59.733] [main/DEBUG] [net.minecraftforge.fml.loading.moddiscovery.ModFileParser/LOADING]: Considering mod file candidate /workspaces/sefd/servidor_minecraft/mods/luckytntlib-1.20-47.2.32.0.jar
[25Jul2025 01:36:59.734] [main/DEBUG] [net.minecraftforge.fml.loading.moddiscovery.ModFileInfo/LOADING]: Found valid mod file luckytntlib-1.20-47.2.32.0.jar with {luckytntlib} mods - versions {47.2.32.0}
[25Jul2025 01:36:59.736] [main/DEBUG] [net.minecraftforge.fml.loading.moddiscovery.ModFileParser/LOADING]: Considering mod file candidate /workspaces/sefd/servidor_minecraft/mods/luckytntmod-1.20-2.4.jar
[25Jul2025 01:36:59.738] [main/DEBUG] [net.minecraftforge.fml.loading.moddiscovery.ModFileInfo/LOADING]: Found valid mod file luckytntmod-1.20-2.4.jar with {luckytntmod} mods - versions {2.4}
[25Jul2025 01:36:59.740] [main/DEBUG] [net.minecraftforge.fml.loading.moddiscovery.ModFileParser/LOADING]: Considering mod file candidate /workspaces/sefd/servidor_minecraft/mods/mowziesmobs-1.7.3.jar
[25Jul2025 01:36:59.742] [main/DEBUG] [net.minecraftforge.fml.loading.moddiscovery.ModFileInfo/LOADING]: Found valid mod file mowziesmobs-1.7.3.jar with {mowziesmobs} mods - versions {1.7.3}
[25Jul2025 01:36:59.744] [main/DEBUG] [net.minecraftforge.fml.loading.moddiscovery.ModFileParser/LOADING]: Considering mod file candidate /workspaces/sefd/servidor_minecraft/mods/player-animation-lib-forge-1.0.2-rc1+1.20.jar
[25Jul2025 01:36:59.745] [main/DEBUG] [net.minecraftforge.fml.loading.moddiscovery.ModFileInfo/LOADING]: Found valid mod file player-animation-lib-forge-1.0.2-rc1+1.20.jar with {playeranimator} mods - versions {1.0.2-rc1+1.20}
[25Jul2025 01:36:59.747] [main/DEBUG] [net.minecraftforge.fml.loading.moddiscovery.ModFileParser/LOADING]: Considering mod file candidate /workspaces/sefd/servidor_minecraft/mods/TerraBlender-forge-1.20.1-3.0.1.10.jar
[25Jul2025 01:36:59.753] [main/DEBUG] [net.minecraftforge.fml.loading.moddiscovery.ModFileInfo/LOADING]: Found valid mod file TerraBlender-forge-1.20.1-3.0.1.10.jar with {terrablender} mods - versions {3.0.1.10}
[25Jul2025 01:36:59.757] [main/DEBUG] [net.minecraftforge.fml.loading.moddiscovery.ModFileParser/LOADING]: Considering mod file candidate /workspaces/sefd/servidor_minecraft/mods/Xaeros_Minimap_25.2.10_Forge_1.20.jar
[25Jul2025 01:36:59.759] [main/DEBUG] [net.minecraftforge.fml.loading.moddiscovery.ModFileInfo/LOADING]: Found valid mod file Xaeros_Minimap_25.2.10_Forge_1.20.jar with {xaerominimap} mods - versions {25.2.10}
[25Jul2025 01:36:59.913] [main/DEBUG] [net.minecraftforge.fml.loading.moddiscovery.ModFileInfo/LOADING]: Found valid mod file server-1.20.1-20230612.114412-srg.jar with {minecraft} mods - versions {1.20.1}
[25Jul2025 01:36:59.915] [main/DEBUG] [net.minecraftforge.fml.loading.moddiscovery.ModFileParser/LOADING]: Considering mod file candidate /workspaces/sefd/servidor_minecraft/libraries/net/minecraftforge/fmlcore/1.20.1-47.3.7/fmlcore-1.20.1-47.3.7.jar
[25Jul2025 01:36:59.915] [main/WARN] [net.minecraftforge.fml.loading.moddiscovery.ModFileParser/LOADING]: Mod file /workspaces/sefd/servidor_minecraft/libraries/net/minecraftforge/fmlcore/1.20.1-47.3.7/fmlcore-1.20.1-47.3.7.jar is missing mods.toml file
[25Jul2025 01:36:59.918] [main/DEBUG] [net.minecraftforge.fml.loading.moddiscovery.ModFileParser/LOADING]: Considering mod file candidate /workspaces/sefd/servidor_minecraft/libraries/net/minecraftforge/javafmllanguage/1.20.1-47.3.7/javafmllanguage-1.20.1-47.3.7.jar
[25Jul2025 01:36:59.918] [main/WARN] [net.minecraftforge.fml.loading.moddiscovery.ModFileParser/LOADING]: Mod file /workspaces/sefd/servidor_minecraft/libraries/net/minecraftforge/javafmllanguage/1.20.1-47.3.7/javafmllanguage-1.20.1-47.3.7.jar is missing mods.toml file
[25Jul2025 01:36:59.921] [main/DEBUG] [net.minecraftforge.fml.loading.moddiscovery.ModFileParser/LOADING]: Considering mod file candidate /workspaces/sefd/servidor_minecraft/libraries/net/minecraftforge/lowcodelanguage/1.20.1-47.3.7/lowcodelanguage-1.20.1-47.3.7.jar
[25Jul2025 01:36:59.922] [main/WARN] [net.minecraftforge.fml.loading.moddiscovery.ModFileParser/LOADING]: Mod file /workspaces/sefd/servidor_minecraft/libraries/net/minecraftforge/lowcodelanguage/1.20.1-47.3.7/lowcodelanguage-1.20.1-47.3.7.jar is missing mods.toml file
[25Jul2025 01:36:59.926] [main/DEBUG] [net.minecraftforge.fml.loading.moddiscovery.ModFileParser/LOADING]: Considering mod file candidate /workspaces/sefd/servidor_minecraft/libraries/net/minecraftforge/mclanguage/1.20.1-47.3.7/mclanguage-1.20.1-47.3.7.jar
[25Jul2025 01:36:59.926] [main/WARN] [net.minecraftforge.fml.loading.moddiscovery.ModFileParser/LOADING]: Mod file /workspaces/sefd/servidor_minecraft/libraries/net/minecraftforge/mclanguage/1.20.1-47.3.7/mclanguage-1.20.1-47.3.7.jar is missing mods.toml file
[25Jul2025 01:37:00.033] [main/DEBUG] [net.minecraftforge.fml.loading.moddiscovery.ModFileParser/LOADING]: Considering mod file candidate /workspaces/sefd/servidor_minecraft/libraries/net/minecraftforge/forge/1.20.1-47.3.7/forge-1.20.1-47.3.7-universal.jar
[25Jul2025 01:37:00.035] [main/DEBUG] [net.minecraftforge.fml.loading.moddiscovery.ModFileInfo/LOADING]: Found valid mod file forge-1.20.1-47.3.7-universal.jar with {forge} mods - versions {47.3.7}
[25Jul2025 01:37:00.048] [main/DEBUG] [net.minecraftforge.fml.loading.moddiscovery.AbstractJarFileDependencyLocator/]: Failed to load resource META-INF/jarjar/metadata.json from server-1.20.1-20230612.114412-srg.jar, it does not contain dependency information.
[25Jul2025 01:37:00.048] [main/DEBUG] [net.minecraftforge.fml.loading.moddiscovery.AbstractJarFileDependencyLocator/]: Failed to load resource META-INF/jarjar/metadata.json from mowziesmobs-1.7.3.jar, it does not contain dependency information.
[25Jul2025 01:37:00.048] [main/DEBUG] [net.minecraftforge.fml.loading.moddiscovery.AbstractJarFileDependencyLocator/]: Failed to load resource META-INF/jarjar/metadata.json from TerraBlender-forge-1.20.1-3.0.1.10.jar, it does not contain dependency information.
[25Jul2025 01:37:00.048] [main/DEBUG] [net.minecraftforge.fml.loading.moddiscovery.AbstractJarFileDependencyLocator/]: Failed to load resource META-INF/jarjar/metadata.json from architectury-9.2.14-forge.jar, it does not contain dependency information.
[25Jul2025 01:37:00.049] [main/DEBUG] [net.minecraftforge.fml.loading.moddiscovery.AbstractJarFileDependencyLocator/]: Failed to load resource META-INF/jarjar/metadata.json from player-animation-lib-forge-1.0.2-rc1+1.20.jar, it does not contain dependency information.
[25Jul2025 01:37:00.049] [main/DEBUG] [net.minecraftforge.fml.loading.moddiscovery.AbstractJarFileDependencyLocator/]: Failed to load resource META-INF/jarjar/metadata.json from elementalcreepers-4.1.1-1.20.1.jar, it does not contain dependency information.
[25Jul2025 01:37:00.049] [main/DEBUG] [net.minecraftforge.fml.loading.moddiscovery.AbstractJarFileDependencyLocator/]: Failed to load resource META-INF/jarjar/metadata.json from jei-1.20.1-forge-15.20.0.112.jar, it does not contain dependency information.
[25Jul2025 01:37:00.049] [main/DEBUG] [net.minecraftforge.fml.loading.moddiscovery.AbstractJarFileDependencyLocator/]: Failed to load resource META-INF/jarjar/metadata.json from cloth-config-11.1.136-forge.jar, it does not contain dependency information.
[25Jul2025 01:37:00.050] [main/DEBUG] [net.minecraftforge.fml.loading.moddiscovery.AbstractJarFileDependencyLocator/]: Failed to load resource META-INF/jarjar/metadata.json from forge-1.20.1-47.3.7-universal.jar, it does not contain dependency information.
[25Jul2025 01:37:00.050] [main/DEBUG] [net.minecraftforge.fml.loading.moddiscovery.AbstractJarFileDependencyLocator/]: Failed to load resource META-INF/jarjar/metadata.json from luckytntmod-1.20-2.4.jar, it does not contain dependency information.
[25Jul2025 01:37:00.050] [main/DEBUG] [net.minecraftforge.fml.loading.moddiscovery.AbstractJarFileDependencyLocator/]: Failed to load resource META-INF/jarjar/metadata.json from Xaeros_Minimap_25.2.10_Forge_1.20.jar, it does not contain dependency information.
[25Jul2025 01:37:00.050] [main/DEBUG] [net.minecraftforge.fml.loading.moddiscovery.AbstractJarFileDependencyLocator/]: Failed to load resource META-INF/jarjar/metadata.json from luckytntlib-1.20-47.2.32.0.jar, it does not contain dependency information.
[25Jul2025 01:37:00.051] [main/DEBUG] [net.minecraftforge.fml.loading.moddiscovery.AbstractJarFileDependencyLocator/]: Failed to load resource META-INF/jarjar/metadata.json from DungeonsArise-1.20.x-2.1.58-release.jar, it does not contain dependency information.
[25Jul2025 01:37:00.051] [main/DEBUG] [net.minecraftforge.fml.loading.moddiscovery.AbstractJarFileDependencyLocator/]: Failed to load resource META-INF/jarjar/metadata.json from mclanguage-1.20.1-47.3.7.jar, it does not contain dependency information.
[25Jul2025 01:37:00.079] [main/DEBUG] [net.minecraftforge.fml.loading.moddiscovery.AbstractJarFileDependencyLocator/]: Failed to load resource META-INF/jarjar/metadata.json from javafmllanguage-1.20.1-47.3.7.jar, it does not contain dependency information.
[25Jul2025 01:37:00.079] [main/DEBUG] [net.minecraftforge.fml.loading.moddiscovery.AbstractJarFileDependencyLocator/]: Failed to load resource META-INF/jarjar/metadata.json from fmlcore-1.20.1-47.3.7.jar, it does not contain dependency information.
[25Jul2025 01:37:00.079] [main/DEBUG] [net.minecraftforge.fml.loading.moddiscovery.AbstractJarFileDependencyLocator/]: Failed to load resource META-INF/jarjar/metadata.json from lowcodelanguage-1.20.1-47.3.7.jar, it does not contain dependency information.
[25Jul2025 01:37:00.140] [main/DEBUG] [net.minecraftforge.fml.loading.moddiscovery.ModFileParser/LOADING]: Considering mod file candidate 
[25Jul2025 01:37:00.141] [main/DEBUG] [net.minecraftforge.fml.loading.moddiscovery.ModFileInfo/LOADING]: Found valid mod file mixinextras-forge-0.3.5.jar with {mixinextras} mods - versions {0.3.5}
[25Jul2025 01:37:00.150] [main/DEBUG] [net.minecraftforge.fml.loading.moddiscovery.ModFileParser/LOADING]: Considering mod file candidate 
[25Jul2025 01:37:00.151] [main/DEBUG] [net.minecraftforge.fml.loading.moddiscovery.ModFileInfo/LOADING]: Found valid mod file trimmed-1.20.1-2.1.4+forge.jar with {trimmed} mods - versions {2.1.4}
[25Jul2025 01:37:00.155] [main/DEBUG] [net.minecraftforge.fml.loading.moddiscovery.ModFileParser/LOADING]: Considering mod file candidate 
[25Jul2025 01:37:00.155] [main/DEBUG] [net.minecraftforge.fml.loading.moddiscovery.ModFileInfo/LOADING]: Found valid mod file mixinextras-forge-0.4.1.jar with {mixinextras} mods - versions {0.4.1}
[25Jul2025 01:37:00.156] [main/DEBUG] [net.minecraftforge.fml.loading.moddiscovery.AbstractJarFileDependencyLocator/]: Failed to load resource META-INF/jarjar/metadata.json from mclib-20.jar, it does not contain dependency information.
[25Jul2025 01:37:00.165] [main/DEBUG] [net.minecraftforge.fml.loading.moddiscovery.ModFileParser/LOADING]: Considering mod file candidate 
[25Jul2025 01:37:00.165] [main/DEBUG] [net.minecraftforge.fml.loading.moddiscovery.ModFileInfo/LOADING]: Found valid mod file mixinextras-forge-0.2.0-beta.9.jar with {mixinextras} mods - versions {0.2.0-beta.9}
[25Jul2025 01:37:00.180] [main/DEBUG] [net.minecraftforge.fml.loading.moddiscovery.AbstractJarFileDependencyLocator/]: Failed to load resource META-INF/jarjar/metadata.json from MixinExtras-0.3.5.jar, it does not contain dependency information.
[25Jul2025 01:37:00.193] [main/DEBUG] [net.minecraftforge.fml.loading.moddiscovery.AbstractJarFileDependencyLocator/]: Failed to load resource META-INF/jarjar/metadata.json from MixinExtras-0.4.1.jar, it does not contain dependency information.
[25Jul2025 01:37:00.193] [main/DEBUG] [net.minecraftforge.fml.loading.moddiscovery.AbstractJarFileDependencyLocator/]: Failed to load resource META-INF/jarjar/metadata.json from MixinExtras-0.2.0-beta.9.jar, it does not contain dependency information.
[25Jul2025 01:37:00.263] [main/DEBUG] [net.minecraftforge.fml.loading.moddiscovery.ModFileParser/LOADING]: Considering mod file candidate 
[25Jul2025 01:37:00.268] [main/DEBUG] [net.minecraftforge.fml.loading.moddiscovery.ModFileInfo/LOADING]: Found valid mod file mixinextras-forge-0.2.0-beta.9.jar with {mixinextras} mods - versions {0.2.0-beta.9}
[25Jul2025 01:37:00.270] [main/DEBUG] [net.minecraftforge.fml.loading.moddiscovery.ModFileParser/LOADING]: Considering mod file candidate 
[25Jul2025 01:37:00.273] [main/DEBUG] [net.minecraftforge.fml.loading.moddiscovery.ModFileInfo/LOADING]: Found valid mod file mixinextras-forge-0.3.5.jar with {mixinextras} mods - versions {0.3.5}
[25Jul2025 01:37:00.286] [main/DEBUG] [net.minecraftforge.fml.loading.moddiscovery.ModFileParser/LOADING]: Considering mod file candidate 
[25Jul2025 01:37:00.292] [main/DEBUG] [net.minecraftforge.fml.loading.moddiscovery.ModFileInfo/LOADING]: Found valid mod file trimmed-1.20.1-2.1.4+forge.jar with {trimmed} mods - versions {2.1.4}
[25Jul2025 01:37:00.315] [main/WARN] [net.minecraftforge.jarjar.selection.JarSelector/]: Attempted to select two dependency jars from JarJar which have the same identification: Mod File:  and Mod File: . Using Mod File: 
[25Jul2025 01:37:00.326] [main/INFO] [net.minecraftforge.fml.loading.moddiscovery.JarInJarDependencyLocator/]: Found 4 dependencies adding them to mods collection
[25Jul2025 01:37:00.335] [main/DEBUG] [net.minecraftforge.fml.loading.moddiscovery.ModFileInfo/LOADING]: Found valid mod file server-1.20.1-20230612.114412-srg.jar with {minecraft} mods - versions {1.20.1}
[25Jul2025 01:37:00.341] [main/DEBUG] [net.minecraftforge.fml.loading.moddiscovery.ModFile/LOADING]: Loading mod file /workspaces/sefd/servidor_minecraft/libraries/net/minecraft/server/1.20.1-20230612.114412/server-1.20.1-20230612.114412-srg.jar with languages [LanguageSpec[languageName=minecraft, acceptedVersions=1]]
[25Jul2025 01:37:00.342] [main/DEBUG] [net.minecraftforge.fml.loading.moddiscovery.ModFileParser/LOADING]: Considering mod file candidate /workspaces/sefd/servidor_minecraft/mods/mowziesmobs-1.7.3.jar
[25Jul2025 01:37:00.342] [main/DEBUG] [net.minecraftforge.fml.loading.moddiscovery.ModFileInfo/LOADING]: Found valid mod file mowziesmobs-1.7.3.jar with {mowziesmobs} mods - versions {1.7.3}
[25Jul2025 01:37:00.342] [main/DEBUG] [net.minecraftforge.fml.loading.moddiscovery.ModFile/LOADING]: Loading mod file /workspaces/sefd/servidor_minecraft/mods/mowziesmobs-1.7.3.jar with languages [LanguageSpec[languageName=javafml, acceptedVersions=[43,)]]
[25Jul2025 01:37:00.343] [main/DEBUG] [net.minecraftforge.fml.loading.moddiscovery.ModFileParser/LOADING]: Considering mod file candidate /workspaces/sefd/servidor_minecraft/mods/TerraBlender-forge-1.20.1-3.0.1.10.jar
[25Jul2025 01:37:00.343] [main/DEBUG] [net.minecraftforge.fml.loading.moddiscovery.ModFileInfo/LOADING]: Found valid mod file TerraBlender-forge-1.20.1-3.0.1.10.jar with {terrablender} mods - versions {3.0.1.10}
[25Jul2025 01:37:00.343] [main/DEBUG] [net.minecraftforge.fml.loading.moddiscovery.ModFile/LOADING]: Loading mod file /workspaces/sefd/servidor_minecraft/mods/TerraBlender-forge-1.20.1-3.0.1.10.jar with languages [LanguageSpec[languageName=javafml, acceptedVersions=[47,)]]
[25Jul2025 01:37:00.343] [main/DEBUG] [net.minecraftforge.fml.loading.moddiscovery.ModFileParser/LOADING]: Considering mod file candidate /workspaces/sefd/servidor_minecraft/mods/geckolib-forge-1.20.1-4.7.3.jar
[25Jul2025 01:37:00.344] [main/DEBUG] [net.minecraftforge.fml.loading.moddiscovery.ModFileInfo/LOADING]: Found valid mod file geckolib-forge-1.20.1-4.7.3.jar with {geckolib} mods - versions {4.7.3}
[25Jul2025 01:37:00.344] [main/DEBUG] [net.minecraftforge.fml.loading.moddiscovery.ModFile/LOADING]: Loading mod file /workspaces/sefd/servidor_minecraft/mods/geckolib-forge-1.20.1-4.7.3.jar with languages [LanguageSpec[languageName=javafml, acceptedVersions=[47,)]]
[25Jul2025 01:37:00.344] [main/DEBUG] [net.minecraftforge.fml.loading.moddiscovery.ModFileParser/LOADING]: Considering mod file candidate /workspaces/sefd/servidor_minecraft/mods/architectury-9.2.14-forge.jar
[25Jul2025 01:37:00.345] [main/DEBUG] [net.minecraftforge.fml.loading.moddiscovery.ModFileInfo/LOADING]: Found valid mod file architectury-9.2.14-forge.jar with {architectury} mods - versions {9.2.14}
[25Jul2025 01:37:00.345] [main/DEBUG] [net.minecraftforge.fml.loading.moddiscovery.ModFile/LOADING]: Loading mod file /workspaces/sefd/servidor_minecraft/mods/architectury-9.2.14-forge.jar with languages [LanguageSpec[languageName=javafml, acceptedVersions=[46,)]]
[25Jul2025 01:37:00.345] [main/DEBUG] [net.minecraftforge.fml.loading.moddiscovery.ModFileParser/LOADING]: Considering mod file candidate /workspaces/sefd/servidor_minecraft/mods/elementalcreepers-4.1.1-1.20.1.jar
[25Jul2025 01:37:00.346] [main/DEBUG] [net.minecraftforge.fml.loading.moddiscovery.ModFileInfo/LOADING]: Found valid mod file elementalcreepers-4.1.1-1.20.1.jar with {elementalcreepers} mods - versions {4.1.1-1.20.1}
[25Jul2025 01:37:00.346] [main/DEBUG] [net.minecraftforge.fml.loading.moddiscovery.ModFile/LOADING]: Loading mod file /workspaces/sefd/servidor_minecraft/mods/elementalcreepers-4.1.1-1.20.1.jar with languages [LanguageSpec[languageName=javafml, acceptedVersions=[47,)]]
[25Jul2025 01:37:00.346] [main/DEBUG] [net.minecraftforge.fml.loading.moddiscovery.ModFileParser/LOADING]: Considering mod file candidate /workspaces/sefd/servidor_minecraft/mods/player-animation-lib-forge-1.0.2-rc1+1.20.jar
[25Jul2025 01:37:00.347] [main/DEBUG] [net.minecraftforge.fml.loading.moddiscovery.ModFileInfo/LOADING]: Found valid mod file player-animation-lib-forge-1.0.2-rc1+1.20.jar with {playeranimator} mods - versions {1.0.2-rc1+1.20}
[25Jul2025 01:37:00.347] [main/DEBUG] [net.minecraftforge.fml.loading.moddiscovery.ModFile/LOADING]: Loading mod file /workspaces/sefd/servidor_minecraft/mods/player-animation-lib-forge-1.0.2-rc1+1.20.jar with languages [LanguageSpec[languageName=javafml, acceptedVersions=[46.0.0,)]]
[25Jul2025 01:37:00.347] [main/DEBUG] [net.minecraftforge.fml.loading.moddiscovery.ModFileParser/LOADING]: Considering mod file candidate /workspaces/sefd/servidor_minecraft/mods/jei-1.20.1-forge-15.20.0.112.jar
[25Jul2025 01:37:00.348] [main/DEBUG] [net.minecraftforge.fml.loading.moddiscovery.ModFileInfo/LOADING]: Found valid mod file jei-1.20.1-forge-15.20.0.112.jar with {jei} mods - versions {15.20.0.112}
[25Jul2025 01:37:00.348] [main/DEBUG] [net.minecraftforge.fml.loading.moddiscovery.ModFile/LOADING]: Loading mod file /workspaces/sefd/servidor_minecraft/mods/jei-1.20.1-forge-15.20.0.112.jar with languages [LanguageSpec[languageName=javafml, acceptedVersions=[47,)]]
[25Jul2025 01:37:00.348] [main/DEBUG] [net.minecraftforge.fml.loading.moddiscovery.ModFileParser/LOADING]: Considering mod file candidate /workspaces/sefd/servidor_minecraft/mods/azurelib-neo-1.20.1-3.0.9.jar
[25Jul2025 01:37:00.349] [main/DEBUG] [net.minecraftforge.fml.loading.moddiscovery.ModFileInfo/LOADING]: Found valid mod file azurelib-neo-1.20.1-3.0.9.jar with {azurelib} mods - versions {3.0.9}
[25Jul2025 01:37:00.349] [main/DEBUG] [net.minecraftforge.fml.loading.moddiscovery.ModFile/LOADING]: Loading mod file /workspaces/sefd/servidor_minecraft/mods/azurelib-neo-1.20.1-3.0.9.jar with languages [LanguageSpec[languageName=javafml, acceptedVersions=[47,)]]
[25Jul2025 01:37:00.349] [main/DEBUG] [net.minecraftforge.fml.loading.moddiscovery.ModFileParser/LOADING]: Considering mod file candidate /workspaces/sefd/servidor_minecraft/mods/cloth-config-11.1.136-forge.jar
[25Jul2025 01:37:00.358] [main/DEBUG] [net.minecraftforge.fml.loading.moddiscovery.ModFileInfo/LOADING]: Found valid mod file cloth-config-11.1.136-forge.jar with {cloth_config} mods - versions {11.1.136}
[25Jul2025 01:37:00.358] [main/DEBUG] [net.minecraftforge.fml.loading.moddiscovery.ModFile/LOADING]: Loading mod file /workspaces/sefd/servidor_minecraft/mods/cloth-config-11.1.136-forge.jar with languages [LanguageSpec[languageName=javafml, acceptedVersions=[34,)]]
[25Jul2025 01:37:00.359] [main/DEBUG] [net.minecraftforge.fml.loading.moddiscovery.ModFileParser/LOADING]: Considering mod file candidate /workspaces/sefd/servidor_minecraft/libraries/net/minecraftforge/forge/1.20.1-47.3.7/forge-1.20.1-47.3.7-universal.jar
[25Jul2025 01:37:00.364] [main/DEBUG] [net.minecraftforge.fml.loading.moddiscovery.ModFileInfo/LOADING]: Found valid mod file forge-1.20.1-47.3.7-universal.jar with {forge} mods - versions {47.3.7}
[25Jul2025 01:37:00.364] [main/DEBUG] [net.minecraftforge.fml.loading.moddiscovery.ModFile/LOADING]: Loading mod file /workspaces/sefd/servidor_minecraft/libraries/net/minecraftforge/forge/1.20.1-47.3.7/forge-1.20.1-47.3.7-universal.jar with languages [LanguageSpec[languageName=javafml, acceptedVersions=[24,]]]
[25Jul2025 01:37:00.374] [main/DEBUG] [net.minecraftforge.fml.loading.moddiscovery.ModFileParser/LOADING]: Found coremod field_to_method with Javascript path coremods/field_to_method.js
[25Jul2025 01:37:00.375] [main/DEBUG] [net.minecraftforge.fml.loading.moddiscovery.ModFileParser/LOADING]: Found coremod field_to_instanceof with Javascript path coremods/field_to_instanceof.js
[25Jul2025 01:37:00.377] [main/DEBUG] [net.minecraftforge.fml.loading.moddiscovery.ModFileParser/LOADING]: Found coremod add_bouncer_method with Javascript path coremods/add_bouncer_method.js
[25Jul2025 01:37:00.378] [main/DEBUG] [net.minecraftforge.fml.loading.moddiscovery.ModFileParser/LOADING]: Found coremod method_redirector with Javascript path coremods/method_redirector.js
[25Jul2025 01:37:00.379] [main/DEBUG] [net.minecraftforge.fml.loading.moddiscovery.ModFile/LOADING]: Found coremod coremods/field_to_method.js
[25Jul2025 01:37:00.379] [main/DEBUG] [net.minecraftforge.fml.loading.moddiscovery.ModFile/LOADING]: Found coremod coremods/field_to_instanceof.js
[25Jul2025 01:37:00.379] [main/DEBUG] [net.minecraftforge.fml.loading.moddiscovery.ModFile/LOADING]: Found coremod coremods/add_bouncer_method.js
[25Jul2025 01:37:00.379] [main/DEBUG] [net.minecraftforge.fml.loading.moddiscovery.ModFile/LOADING]: Found coremod coremods/method_redirector.js
[25Jul2025 01:37:00.379] [main/DEBUG] [net.minecraftforge.fml.loading.moddiscovery.ModFileParser/LOADING]: Considering mod file candidate /workspaces/sefd/servidor_minecraft/mods/luckytntmod-1.20-2.4.jar
[25Jul2025 01:37:00.380] [main/DEBUG] [net.minecraftforge.fml.loading.moddiscovery.ModFileInfo/LOADING]: Found valid mod file luckytntmod-1.20-2.4.jar with {luckytntmod} mods - versions {2.4}
[25Jul2025 01:37:00.380] [main/DEBUG] [net.minecraftforge.fml.loading.moddiscovery.ModFile/LOADING]: Loading mod file /workspaces/sefd/servidor_minecraft/mods/luckytntmod-1.20-2.4.jar with languages [LanguageSpec[languageName=javafml, acceptedVersions=[46,)]]
[25Jul2025 01:37:00.384] [main/DEBUG] [net.minecraftforge.fml.loading.moddiscovery.ModFileParser/LOADING]: Considering mod file candidate /workspaces/sefd/servidor_minecraft/mods/luckytntlib-1.20-47.2.32.0.jar
[25Jul2025 01:37:00.385] [main/DEBUG] [net.minecraftforge.fml.loading.moddiscovery.ModFileInfo/LOADING]: Found valid mod file luckytntlib-1.20-47.2.32.0.jar with {luckytntlib} mods - versions {47.2.32.0}
[25Jul2025 01:37:00.385] [main/DEBUG] [net.minecraftforge.fml.loading.moddiscovery.ModFile/LOADING]: Loading mod file /workspaces/sefd/servidor_minecraft/mods/luckytntlib-1.20-47.2.32.0.jar with languages [LanguageSpec[languageName=javafml, acceptedVersions=[47,)]]
[25Jul2025 01:37:00.386] [main/DEBUG] [net.minecraftforge.fml.loading.moddiscovery.ModFileParser/LOADING]: Considering mod file candidate /workspaces/sefd/servidor_minecraft/mods/Xaeros_Minimap_25.2.10_Forge_1.20.jar
[25Jul2025 01:37:00.387] [main/DEBUG] [net.minecraftforge.fml.loading.moddiscovery.ModFileInfo/LOADING]: Found valid mod file Xaeros_Minimap_25.2.10_Forge_1.20.jar with {xaerominimap} mods - versions {25.2.10}
[25Jul2025 01:37:00.387] [main/DEBUG] [net.minecraftforge.fml.loading.moddiscovery.ModFile/LOADING]: Loading mod file /workspaces/sefd/servidor_minecraft/mods/Xaeros_Minimap_25.2.10_Forge_1.20.jar with languages [LanguageSpec[languageName=javafml, acceptedVersions=[46,48)]]
[25Jul2025 01:37:00.390] [main/DEBUG] [net.minecraftforge.fml.loading.moddiscovery.ModFileParser/LOADING]: Found coremod xaerohud_core with Javascript path META-INF/xaerohud_core.js
[25Jul2025 01:37:00.390] [main/DEBUG] [net.minecraftforge.fml.loading.moddiscovery.ModFile/LOADING]: Found coremod META-INF/xaerohud_core.js
[25Jul2025 01:37:00.390] [main/DEBUG] [net.minecraftforge.fml.loading.moddiscovery.ModFileParser/LOADING]: Considering mod file candidate 
[25Jul2025 01:37:00.391] [main/DEBUG] [net.minecraftforge.fml.loading.moddiscovery.ModFileInfo/LOADING]: Found valid mod file trimmed-1.20.1-2.1.4+forge.jar with {trimmed} mods - versions {2.1.4}
[25Jul2025 01:37:00.391] [main/DEBUG] [net.minecraftforge.fml.loading.moddiscovery.ModFile/LOADING]: Loading mod file  with languages [LanguageSpec[languageName=javafml, acceptedVersions=[47,)]]
[25Jul2025 01:37:00.391] [main/DEBUG] [net.minecraftforge.fml.loading.moddiscovery.ModFileParser/LOADING]: Considering mod file candidate /workspaces/sefd/servidor_minecraft/mods/jcraft-forge-0.17.2.jar
[25Jul2025 01:37:00.393] [main/DEBUG] [net.minecraftforge.fml.loading.moddiscovery.ModFileInfo/LOADING]: Found valid mod file jcraft-forge-0.17.2.jar with {jcraft} mods - versions {0.17.2}
[25Jul2025 01:37:00.394] [main/DEBUG] [net.minecraftforge.fml.loading.moddiscovery.ModFile/LOADING]: Loading mod file /workspaces/sefd/servidor_minecraft/mods/jcraft-forge-0.17.2.jar with languages [LanguageSpec[languageName=javafml, acceptedVersions=[47,)]]
[25Jul2025 01:37:00.394] [main/DEBUG] [net.minecraftforge.fml.loading.moddiscovery.ModFileParser/LOADING]: Considering mod file candidate /workspaces/sefd/servidor_minecraft/mods/DungeonsArise-1.20.x-2.1.58-release.jar
[25Jul2025 01:37:00.397] [main/DEBUG] [net.minecraftforge.fml.loading.moddiscovery.ModFileInfo/LOADING]: Found valid mod file DungeonsArise-1.20.x-2.1.58-release.jar with {dungeons_arise} mods - versions {2.1.58-1.20.x}
[25Jul2025 01:37:00.397] [main/DEBUG] [net.minecraftforge.fml.loading.moddiscovery.ModFile/LOADING]: Loading mod file /workspaces/sefd/servidor_minecraft/mods/DungeonsArise-1.20.x-2.1.58-release.jar with languages [LanguageSpec[languageName=javafml, acceptedVersions=[41,)]]
[25Jul2025 01:37:00.397] [main/DEBUG] [net.minecraftforge.fml.loading.moddiscovery.ModFile/LOADING]: Loading mod file  with languages []
[25Jul2025 01:37:00.397] [main/DEBUG] [net.minecraftforge.fml.loading.moddiscovery.ModFileParser/LOADING]: Considering mod file candidate 
[25Jul2025 01:37:00.400] [main/DEBUG] [net.minecraftforge.fml.loading.moddiscovery.ModFileInfo/LOADING]: Found valid mod file mixinextras-forge-0.2.0-beta.9.jar with {mixinextras} mods - versions {0.2.0-beta.9}
[25Jul2025 01:37:00.400] [main/DEBUG] [net.minecraftforge.fml.loading.moddiscovery.ModFile/LOADING]: Loading mod file  with languages [LanguageSpec[languageName=javafml, acceptedVersions=*]]
[25Jul2025 01:37:00.400] [main/DEBUG] [net.minecraftforge.fml.loading.moddiscovery.ModFile/LOADING]: Loading mod file  with languages []
[25Jul2025 01:37:00.400] [main/DEBUG] [net.minecraftforge.fml.loading.moddiscovery.ModFile/LOADING]: Loading mod file  with languages []
[25Jul2025 01:37:00.400] [main/DEBUG] [net.minecraftforge.fml.loading.moddiscovery.ModFileParser/LOADING]: Considering mod file candidate 
[25Jul2025 01:37:00.401] [main/DEBUG] [net.minecraftforge.fml.loading.moddiscovery.ModFileInfo/LOADING]: Found valid mod file mixinextras-forge-0.2.0-beta.9.jar with {mixinextras} mods - versions {0.2.0-beta.9}
[25Jul2025 01:37:00.402] [main/DEBUG] [net.minecraftforge.fml.loading.moddiscovery.ModFile/LOADING]: Loading mod file  with languages [LanguageSpec[languageName=javafml, acceptedVersions=*]]
[25Jul2025 01:37:00.403] [main/DEBUG] [net.minecraftforge.fml.loading.moddiscovery.ModFile/LOADING]: Loading mod file  with languages []
[25Jul2025 01:37:00.405] [main/DEBUG] [cpw.mods.modlauncher.TransformationServiceDecorator/MODLAUNCHER]: End scan trigger - transformation service fml
[25Jul2025 01:37:00.454] [main/DEBUG] [net.minecraftforge.fml.loading.LanguageLoadingProvider/CORE]: Found 3 language providers
[25Jul2025 01:37:00.455] [main/DEBUG] [net.minecraftforge.fml.loading.LanguageLoadingProvider/CORE]: Found language provider minecraft, version 1.0
[25Jul2025 01:37:00.456] [main/DEBUG] [net.minecraftforge.fml.loading.LanguageLoadingProvider/CORE]: Found language provider lowcodefml, version 47
[25Jul2025 01:37:00.456] [main/DEBUG] [net.minecraftforge.fml.loading.LanguageLoadingProvider/CORE]: Found language provider javafml, version 47
[25Jul2025 01:37:00.464] [main/DEBUG] [net.minecraftforge.fml.loading.UniqueModListBuilder/]: Found 2 mods for first modid mclib, selecting most recent based on version data
[25Jul2025 01:37:00.464] [main/DEBUG] [net.minecraftforge.fml.loading.UniqueModListBuilder/]: Selected file mclib-20.jar for modid mclib with version 0.0NONE
[25Jul2025 01:37:00.464] [main/DEBUG] [net.minecraftforge.fml.loading.UniqueModListBuilder/]: Found 2 mods for first modid mixinextras, selecting most recent based on version data
[25Jul2025 01:37:00.464] [main/DEBUG] [net.minecraftforge.fml.loading.UniqueModListBuilder/]: Selected file mixinextras-forge-0.2.0-beta.9.jar for modid mixinextras with version 0.2.0-beta.9
[25Jul2025 01:37:00.464] [main/DEBUG] [net.minecraftforge.fml.loading.UniqueModListBuilder/]: Found 2 mods for first modid MixinExtras, selecting most recent based on version data
[25Jul2025 01:37:00.465] [main/DEBUG] [net.minecraftforge.fml.loading.UniqueModListBuilder/]: Selected file MixinExtras-0.4.1.jar for modid MixinExtras with version 0.0NONE
[25Jul2025 01:37:00.469] [main/DEBUG] [net.minecraftforge.fml.loading.ModSorter/]: Configured system mods: [minecraft, forge]
[25Jul2025 01:37:00.472] [main/DEBUG] [net.minecraftforge.fml.loading.ModSorter/]: Found system mod: minecraft
[25Jul2025 01:37:00.473] [main/DEBUG] [net.minecraftforge.fml.loading.ModSorter/]: Found system mod: forge
[25Jul2025 01:37:00.481] [main/DEBUG] [net.minecraftforge.fml.loading.ModSorter/LOADING]: Found 33 mod requirements (32 mandatory, 1 optional)
[25Jul2025 01:37:00.485] [main/DEBUG] [net.minecraftforge.fml.loading.ModSorter/LOADING]: Found 0 mod requirements missing (0 mandatory, 0 optional)
[25Jul2025 01:37:01.447] [main/DEBUG] [cpw.mods.modlauncher.TransformationServicesHandler/MODLAUNCHER]: Transformation services loading transformers
[25Jul2025 01:37:01.449] [main/DEBUG] [cpw.mods.modlauncher.TransformationServiceDecorator/MODLAUNCHER]: Initializing transformers for transformation service mixin
[25Jul2025 01:37:01.452] [main/DEBUG] [cpw.mods.modlauncher.TransformationServiceDecorator/MODLAUNCHER]: Initialized transformers for transformation service mixin
[25Jul2025 01:37:01.452] [main/DEBUG] [cpw.mods.modlauncher.TransformationServiceDecorator/MODLAUNCHER]: Initializing transformers for transformation service fml
[25Jul2025 01:37:01.453] [main/DEBUG] [net.minecraftforge.fml.loading.FMLServiceProvider/CORE]: Loading coremod transformers
[25Jul2025 01:37:01.454] [main/DEBUG] [net.minecraftforge.coremod.CoreModEngine/COREMOD]: Loading CoreMod from coremods/field_to_method.js
[25Jul2025 01:37:01.792] [main/DEBUG] [net.minecraftforge.coremod.CoreModEngine/COREMOD]: CoreMod loaded successfully
[25Jul2025 01:37:01.792] [main/DEBUG] [net.minecraftforge.coremod.CoreModEngine/COREMOD]: Loading CoreMod from coremods/field_to_instanceof.js
[25Jul2025 01:37:01.926] [main/DEBUG] [net.minecraftforge.coremod.CoreModEngine/COREMOD]: CoreMod loaded successfully
[25Jul2025 01:37:01.927] [main/DEBUG] [net.minecraftforge.coremod.CoreModEngine/COREMOD]: Loading CoreMod from coremods/add_bouncer_method.js
[25Jul2025 01:37:02.015] [main/DEBUG] [net.minecraftforge.coremod.CoreModEngine/COREMOD]: CoreMod loaded successfully
[25Jul2025 01:37:02.015] [main/DEBUG] [net.minecraftforge.coremod.CoreModEngine/COREMOD]: Loading CoreMod from coremods/method_redirector.js
[25Jul2025 01:37:02.185] [main/DEBUG] [net.minecraftforge.coremod.CoreModEngine/COREMOD]: CoreMod loaded successfully
[25Jul2025 01:37:02.185] [main/DEBUG] [net.minecraftforge.coremod.CoreModEngine/COREMOD]: Loading CoreMod from META-INF/xaerohud_core.js
[25Jul2025 01:37:02.251] [main/DEBUG] [net.minecraftforge.coremod.CoreModEngine/COREMOD]: CoreMod loaded successfully
[25Jul2025 01:37:02.263] [main/DEBUG] [cpw.mods.modlauncher.TransformStore/MODLAUNCHER]: Adding transformer net.minecraftforge.coremod.transformer.CoreModClassTransformer@57c00115 to Target : CLASS {Lnet/minecraft/world/level/biome/Biome;} {} {V}
[25Jul2025 01:37:02.264] [main/DEBUG] [cpw.mods.modlauncher.TransformStore/MODLAUNCHER]: Adding transformer net.minecraftforge.coremod.transformer.CoreModClassTransformer@71b639d0 to Target : CLASS {Lnet/minecraft/world/level/levelgen/structure/Structure;} {} {V}
[25Jul2025 01:37:02.264] [main/DEBUG] [cpw.mods.modlauncher.TransformStore/MODLAUNCHER]: Adding transformer net.minecraftforge.coremod.transformer.CoreModClassTransformer@18a25bbd to Target : CLASS {Lnet/minecraft/world/effect/MobEffectInstance;} {} {V}
[25Jul2025 01:37:02.265] [main/DEBUG] [cpw.mods.modlauncher.TransformStore/MODLAUNCHER]: Adding transformer net.minecraftforge.coremod.transformer.CoreModClassTransformer@5d5b9ecb to Target : CLASS {Lnet/minecraft/world/level/block/LiquidBlock;} {} {V}
[25Jul2025 01:37:02.265] [main/DEBUG] [cpw.mods.modlauncher.TransformStore/MODLAUNCHER]: Adding transformer net.minecraftforge.coremod.transformer.CoreModClassTransformer@1ee27d73 to Target : CLASS {Lnet/minecraft/world/item/BucketItem;} {} {V}
[25Jul2025 01:37:02.265] [main/DEBUG] [cpw.mods.modlauncher.TransformStore/MODLAUNCHER]: Adding transformer net.minecraftforge.coremod.transformer.CoreModClassTransformer@5e5aafc6 to Target : CLASS {Lnet/minecraft/world/level/block/StairBlock;} {} {V}
[25Jul2025 01:37:02.265] [main/DEBUG] [cpw.mods.modlauncher.TransformStore/MODLAUNCHER]: Adding transformer net.minecraftforge.coremod.transformer.CoreModClassTransformer@542f6803 to Target : CLASS {Lnet/minecraft/world/level/block/FlowerPotBlock;} {} {V}
[25Jul2025 01:37:02.265] [main/DEBUG] [cpw.mods.modlauncher.TransformStore/MODLAUNCHER]: Adding transformer net.minecraftforge.coremod.transformer.CoreModClassTransformer@5583098b to Target : CLASS {Lnet/minecraft/world/item/ItemStack;} {} {V}
[25Jul2025 01:37:02.265] [main/DEBUG] [cpw.mods.modlauncher.TransformStore/MODLAUNCHER]: Adding transformer net.minecraftforge.coremod.transformer.CoreModClassTransformer@5807efad to Target : CLASS {Lnet/minecraft/network/play/client/CClientSettingsPacket;} {} {V}
[25Jul2025 01:37:02.266] [main/DEBUG] [cpw.mods.modlauncher.TransformStore/MODLAUNCHER]: Adding transformer net.minecraftforge.coremod.transformer.CoreModClassTransformer@53a84ff4 to Target : CLASS {Lnet/minecraft/world/level/levelgen/structure/structures/SwampHutPiece;} {} {V}
[25Jul2025 01:37:02.266] [main/DEBUG] [cpw.mods.modlauncher.TransformStore/MODLAUNCHER]: Adding transformer net.minecraftforge.coremod.transformer.CoreModClassTransformer@53a84ff4 to Target : CLASS {Lnet/minecraft/world/entity/monster/Zombie;} {} {V}
[25Jul2025 01:37:02.266] [main/DEBUG] [cpw.mods.modlauncher.TransformStore/MODLAUNCHER]: Adding transformer net.minecraftforge.coremod.transformer.CoreModClassTransformer@53a84ff4 to Target : CLASS {Lnet/minecraft/world/entity/npc/CatSpawner;} {} {V}
[25Jul2025 01:37:02.266] [main/DEBUG] [cpw.mods.modlauncher.TransformStore/MODLAUNCHER]: Adding transformer net.minecraftforge.coremod.transformer.CoreModClassTransformer@53a84ff4 to Target : CLASS {Lnet/minecraft/world/entity/animal/frog/Tadpole;} {} {V}
[25Jul2025 01:37:02.266] [main/DEBUG] [cpw.mods.modlauncher.TransformStore/MODLAUNCHER]: Adding transformer net.minecraftforge.coremod.transformer.CoreModClassTransformer@53a84ff4 to Target : CLASS {Lnet/minecraft/server/commands/SummonCommand;} {} {V}
[25Jul2025 01:37:02.266] [main/DEBUG] [cpw.mods.modlauncher.TransformStore/MODLAUNCHER]: Adding transformer net.minecraftforge.coremod.transformer.CoreModClassTransformer@53a84ff4 to Target : CLASS {Lnet/minecraft/world/entity/ai/village/VillageSiege;} {} {V}
[25Jul2025 01:37:02.266] [main/DEBUG] [cpw.mods.modlauncher.TransformStore/MODLAUNCHER]: Adding transformer net.minecraftforge.coremod.transformer.CoreModClassTransformer@53a84ff4 to Target : CLASS {Lnet/minecraft/world/entity/monster/Spider;} {} {V}
[25Jul2025 01:37:02.266] [main/DEBUG] [cpw.mods.modlauncher.TransformStore/MODLAUNCHER]: Adding transformer net.minecraftforge.coremod.transformer.CoreModClassTransformer@53a84ff4 to Target : CLASS {Lnet/minecraft/world/level/levelgen/structure/templatesystem/StructureTemplate;} {} {V}
[25Jul2025 01:37:02.267] [main/DEBUG] [cpw.mods.modlauncher.TransformStore/MODLAUNCHER]: Adding transformer net.minecraftforge.coremod.transformer.CoreModClassTransformer@53a84ff4 to Target : CLASS {Lnet/minecraft/world/level/levelgen/structure/structures/OceanRuinPieces$OceanRuinPiece;} {} {V}
[25Jul2025 01:37:02.267] [main/DEBUG] [cpw.mods.modlauncher.TransformStore/MODLAUNCHER]: Adding transformer net.minecraftforge.coremod.transformer.CoreModClassTransformer@53a84ff4 to Target : CLASS {Lnet/minecraft/world/level/levelgen/structure/structures/OceanMonumentPieces$OceanMonumentPiece;} {} {V}
[25Jul2025 01:37:02.267] [main/DEBUG] [cpw.mods.modlauncher.TransformStore/MODLAUNCHER]: Adding transformer net.minecraftforge.coremod.transformer.CoreModClassTransformer@53a84ff4 to Target : CLASS {Lnet/minecraft/world/entity/npc/Villager;} {} {V}
[25Jul2025 01:37:02.267] [main/DEBUG] [cpw.mods.modlauncher.TransformStore/MODLAUNCHER]: Adding transformer net.minecraftforge.coremod.transformer.CoreModClassTransformer@53a84ff4 to Target : CLASS {Lnet/minecraft/world/level/levelgen/PatrolSpawner;} {} {V}
[25Jul2025 01:37:02.267] [main/DEBUG] [cpw.mods.modlauncher.TransformStore/MODLAUNCHER]: Adding transformer net.minecraftforge.coremod.transformer.CoreModClassTransformer@53a84ff4 to Target : CLASS {Lnet/minecraft/server/commands/RaidCommand;} {} {V}
[25Jul2025 01:37:02.267] [main/DEBUG] [cpw.mods.modlauncher.TransformStore/MODLAUNCHER]: Adding transformer net.minecraftforge.coremod.transformer.CoreModClassTransformer@53a84ff4 to Target : CLASS {Lnet/minecraft/world/level/levelgen/structure/structures/WoodlandMansionPieces$WoodlandMansionPiece;} {} {V}
[25Jul2025 01:37:02.267] [main/DEBUG] [cpw.mods.modlauncher.TransformStore/MODLAUNCHER]: Adding transformer net.minecraftforge.coremod.transformer.CoreModClassTransformer@53a84ff4 to Target : CLASS {Lnet/minecraft/world/entity/monster/Strider;} {} {V}
[25Jul2025 01:37:02.267] [main/DEBUG] [cpw.mods.modlauncher.TransformStore/MODLAUNCHER]: Adding transformer net.minecraftforge.coremod.transformer.CoreModClassTransformer@53a84ff4 to Target : CLASS {Lnet/minecraft/world/entity/raid/Raid;} {} {V}
[25Jul2025 01:37:02.267] [main/DEBUG] [cpw.mods.modlauncher.TransformStore/MODLAUNCHER]: Adding transformer net.minecraftforge.coremod.transformer.CoreModClassTransformer@53a84ff4 to Target : CLASS {Lnet/minecraft/world/entity/animal/horse/SkeletonTrapGoal;} {} {V}
[25Jul2025 01:37:02.267] [main/DEBUG] [cpw.mods.modlauncher.TransformStore/MODLAUNCHER]: Adding transformer net.minecraftforge.coremod.transformer.CoreModClassTransformer@53a84ff4 to Target : CLASS {Lnet/minecraft/world/entity/monster/Evoker$EvokerSummonSpellGoal;} {} {V}
[25Jul2025 01:37:02.268] [main/DEBUG] [cpw.mods.modlauncher.TransformStore/MODLAUNCHER]: Adding transformer net.minecraftforge.coremod.transformer.CoreModClassTransformer@53a84ff4 to Target : CLASS {Lnet/minecraft/world/level/NaturalSpawner;} {} {V}
[25Jul2025 01:37:02.268] [main/DEBUG] [cpw.mods.modlauncher.TransformStore/MODLAUNCHER]: Adding transformer net.minecraftforge.coremod.transformer.CoreModClassTransformer@53a84ff4 to Target : CLASS {Lnet/minecraft/world/entity/EntityType;} {} {V}
[25Jul2025 01:37:02.268] [main/DEBUG] [cpw.mods.modlauncher.TransformStore/MODLAUNCHER]: Adding transformer net.minecraftforge.coremod.transformer.CoreModClassTransformer@53a84ff4 to Target : CLASS {Lnet/minecraft/world/entity/monster/ZombieVillager;} {} {V}
[25Jul2025 01:37:02.268] [main/DEBUG] [cpw.mods.modlauncher.TransformStore/MODLAUNCHER]: Adding transformer net.minecraftforge.coremod.transformer.CoreModClassTransformer@53a84ff4 to Target : CLASS {Lnet/minecraft/world/level/levelgen/PhantomSpawner;} {} {V}
[25Jul2025 01:37:02.268] [main/DEBUG] [cpw.mods.modlauncher.TransformStore/MODLAUNCHER]: Adding transformer net.minecraftforge.coremod.transformer.CoreModMethodTransformer@316acbb5 to Target : METHOD {Lnet/minecraft/client/ToggleKeyMapping;} {m_90857_} {()Z}
[25Jul2025 01:37:02.268] [main/DEBUG] [cpw.mods.modlauncher.TransformationServiceDecorator/MODLAUNCHER]: Initialized transformers for transformation service fml
[25Jul2025 01:37:03.480] [main/DEBUG] [mixin/]: Processing prepare() for PlatformAgent[MixinPlatformAgentDefault:ModLauncher Root Container(ModLauncher:4f56a0a2)]
[25Jul2025 01:37:03.480] [main/DEBUG] [mixin/]: Processing launch tasks for PlatformAgent[MixinPlatformAgentDefault:ModLauncher Root Container(ModLauncher:4f56a0a2)]
[25Jul2025 01:37:03.480] [main/DEBUG] [mixin/]: Adding mixin platform agents for container SecureJarResource(minecraft)
[25Jul2025 01:37:03.485] [main/DEBUG] [mixin/]: Instancing new MixinPlatformAgentMinecraftForge for SecureJarResource(minecraft)
[25Jul2025 01:37:03.485] [main/DEBUG] [mixin/]: MixinPlatformAgentMinecraftForge rejected container SecureJarResource(minecraft)
[25Jul2025 01:37:03.485] [main/DEBUG] [mixin/]: Instancing new MixinPlatformAgentDefault for SecureJarResource(minecraft)
[25Jul2025 01:37:03.485] [main/DEBUG] [mixin/]: MixinPlatformAgentDefault accepted container SecureJarResource(minecraft)
[25Jul2025 01:37:03.485] [main/DEBUG] [mixin/]: Processing prepare() for PlatformAgent[MixinPlatformAgentDefault:SecureJarResource(minecraft)]
[25Jul2025 01:37:03.485] [main/DEBUG] [mixin/]: Adding mixin platform agents for container SecureJarResource(mixinextras)
[25Jul2025 01:37:03.486] [main/DEBUG] [mixin/]: Instancing new MixinPlatformAgentMinecraftForge for SecureJarResource(mixinextras)
[25Jul2025 01:37:03.486] [main/DEBUG] [mixin/]: MixinPlatformAgentMinecraftForge rejected container SecureJarResource(mixinextras)
[25Jul2025 01:37:03.486] [main/DEBUG] [mixin/]: Instancing new MixinPlatformAgentDefault for SecureJarResource(mixinextras)
[25Jul2025 01:37:03.486] [main/DEBUG] [mixin/]: MixinPlatformAgentDefault accepted container SecureJarResource(mixinextras)
[25Jul2025 01:37:03.486] [main/DEBUG] [mixin/]: Processing prepare() for PlatformAgent[MixinPlatformAgentDefault:SecureJarResource(mixinextras)]
[25Jul2025 01:37:03.486] [main/DEBUG] [mixin/]: Registering mixin config: mixinextras.init.mixins.json
[25Jul2025 01:37:03.518] [main/DEBUG] [mixin/]: Adding mixin platform agents for container SecureJarResource(mowziesmobs)
[25Jul2025 01:37:03.518] [main/DEBUG] [mixin/]: Instancing new MixinPlatformAgentMinecraftForge for SecureJarResource(mowziesmobs)
[25Jul2025 01:37:03.518] [main/DEBUG] [mixin/]: MixinPlatformAgentMinecraftForge rejected container SecureJarResource(mowziesmobs)
[25Jul2025 01:37:03.518] [main/DEBUG] [mixin/]: Instancing new MixinPlatformAgentDefault for SecureJarResource(mowziesmobs)
[25Jul2025 01:37:03.518] [main/DEBUG] [mixin/]: MixinPlatformAgentDefault accepted container SecureJarResource(mowziesmobs)
[25Jul2025 01:37:03.518] [main/DEBUG] [mixin/]: Processing prepare() for PlatformAgent[MixinPlatformAgentDefault:SecureJarResource(mowziesmobs)]
[25Jul2025 01:37:03.519] [main/DEBUG] [mixin/]: Registering mixin config: mowziesmobs.mixins.json
[25Jul2025 01:37:03.521] [main/DEBUG] [mixin/]: Compatibility level JAVA_17 specified by mowziesmobs.mixins.json is higher than the maximum level supported by this version of mixin (JAVA_13).
[25Jul2025 01:37:03.527] [main/INFO] [mixin/]: Compatibility level set to JAVA_17
[25Jul2025 01:37:03.528] [main/DEBUG] [mixin/]: Adding mixin platform agents for container SecureJarResource(terrablender)
[25Jul2025 01:37:03.528] [main/DEBUG] [mixin/]: Instancing new MixinPlatformAgentMinecraftForge for SecureJarResource(terrablender)
[25Jul2025 01:37:03.528] [main/DEBUG] [mixin/]: MixinPlatformAgentMinecraftForge rejected container SecureJarResource(terrablender)
[25Jul2025 01:37:03.528] [main/DEBUG] [mixin/]: Instancing new MixinPlatformAgentDefault for SecureJarResource(terrablender)
[25Jul2025 01:37:03.529] [main/DEBUG] [mixin/]: MixinPlatformAgentDefault accepted container SecureJarResource(terrablender)
[25Jul2025 01:37:03.529] [main/DEBUG] [mixin/]: Processing prepare() for PlatformAgent[MixinPlatformAgentDefault:SecureJarResource(terrablender)]
[25Jul2025 01:37:03.529] [main/DEBUG] [mixin/]: Registering mixin config: terrablender.mixins.json
[25Jul2025 01:37:03.534] [main/DEBUG] [mixin/]: Registering mixin config: terrablender_forge.mixins.json
[25Jul2025 01:37:03.537] [main/DEBUG] [mixin/]: Adding mixin platform agents for container SecureJarResource(geckolib)
[25Jul2025 01:37:03.537] [main/DEBUG] [mixin/]: Instancing new MixinPlatformAgentMinecraftForge for SecureJarResource(geckolib)
[25Jul2025 01:37:03.539] [main/DEBUG] [mixin/]: MixinPlatformAgentMinecraftForge rejected container SecureJarResource(geckolib)
[25Jul2025 01:37:03.540] [main/DEBUG] [mixin/]: Instancing new MixinPlatformAgentDefault for SecureJarResource(geckolib)
[25Jul2025 01:37:03.540] [main/DEBUG] [mixin/]: MixinPlatformAgentDefault accepted container SecureJarResource(geckolib)
[25Jul2025 01:37:03.540] [main/DEBUG] [mixin/]: Processing prepare() for PlatformAgent[MixinPlatformAgentDefault:SecureJarResource(geckolib)]
[25Jul2025 01:37:03.541] [main/DEBUG] [mixin/]: Registering mixin config: geckolib.mixins.json
[25Jul2025 01:37:03.544] [main/DEBUG] [mixin/]: Adding mixin platform agents for container SecureJarResource(architectury)
[25Jul2025 01:37:03.544] [main/DEBUG] [mixin/]: Instancing new MixinPlatformAgentMinecraftForge for SecureJarResource(architectury)
[25Jul2025 01:37:03.545] [main/DEBUG] [mixin/]: MixinPlatformAgentMinecraftForge rejected container SecureJarResource(architectury)
[25Jul2025 01:37:03.545] [main/DEBUG] [mixin/]: Instancing new MixinPlatformAgentDefault for SecureJarResource(architectury)
[25Jul2025 01:37:03.545] [main/DEBUG] [mixin/]: MixinPlatformAgentDefault accepted container SecureJarResource(architectury)
[25Jul2025 01:37:03.546] [main/DEBUG] [mixin/]: Processing prepare() for PlatformAgent[MixinPlatformAgentDefault:SecureJarResource(architectury)]
[25Jul2025 01:37:03.546] [main/DEBUG] [mixin/]: Registering mixin config: architectury.mixins.json
[25Jul2025 01:37:03.548] [main/DEBUG] [mixin/]: Compatibility level JAVA_16 specified by architectury.mixins.json is higher than the maximum level supported by this version of mixin (JAVA_13).
[25Jul2025 01:37:03.550] [main/DEBUG] [mixin/]: Registering mixin config: architectury-common.mixins.json
[25Jul2025 01:37:03.552] [main/DEBUG] [mixin/]: Compatibility level JAVA_16 specified by architectury-common.mixins.json is higher than the maximum level supported by this version of mixin (JAVA_13).
[25Jul2025 01:37:03.554] [main/DEBUG] [mixin/]: Adding mixin platform agents for container SecureJarResource(playeranimator)
[25Jul2025 01:37:03.554] [main/DEBUG] [mixin/]: Instancing new MixinPlatformAgentMinecraftForge for SecureJarResource(playeranimator)
[25Jul2025 01:37:03.554] [main/DEBUG] [mixin/]: MixinPlatformAgentMinecraftForge rejected container SecureJarResource(playeranimator)
[25Jul2025 01:37:03.554] [main/DEBUG] [mixin/]: Instancing new MixinPlatformAgentDefault for SecureJarResource(playeranimator)
[25Jul2025 01:37:03.555] [main/DEBUG] [mixin/]: MixinPlatformAgentDefault accepted container SecureJarResource(playeranimator)
[25Jul2025 01:37:03.555] [main/DEBUG] [mixin/]: Processing prepare() for PlatformAgent[MixinPlatformAgentDefault:SecureJarResource(playeranimator)]
[25Jul2025 01:37:03.555] [main/DEBUG] [mixin/]: Registering mixin config: playerAnimator-common.mixins.json
[25Jul2025 01:37:03.560] [main/DEBUG] [mixin/]: Compatibility level JAVA_16 specified by playerAnimator-common.mixins.json is higher than the maximum level supported by this version of mixin (JAVA_13).
[25Jul2025 01:37:03.560] [main/DEBUG] [mixin/]: Adding mixin platform agents for container SecureJarResource(elementalcreepers)
[25Jul2025 01:37:03.560] [main/DEBUG] [mixin/]: Instancing new MixinPlatformAgentMinecraftForge for SecureJarResource(elementalcreepers)
[25Jul2025 01:37:03.560] [main/DEBUG] [mixin/]: MixinPlatformAgentMinecraftForge rejected container SecureJarResource(elementalcreepers)
[25Jul2025 01:37:03.560] [main/DEBUG] [mixin/]: Instancing new MixinPlatformAgentDefault for SecureJarResource(elementalcreepers)
[25Jul2025 01:37:03.563] [main/DEBUG] [mixin/]: MixinPlatformAgentDefault accepted container SecureJarResource(elementalcreepers)
[25Jul2025 01:37:03.563] [main/DEBUG] [mixin/]: Processing prepare() for PlatformAgent[MixinPlatformAgentDefault:SecureJarResource(elementalcreepers)]
[25Jul2025 01:37:03.563] [main/DEBUG] [mixin/]: Adding mixin platform agents for container SecureJarResource(jei)
[25Jul2025 01:37:03.563] [main/DEBUG] [mixin/]: Instancing new MixinPlatformAgentMinecraftForge for SecureJarResource(jei)
[25Jul2025 01:37:03.563] [main/DEBUG] [mixin/]: MixinPlatformAgentMinecraftForge rejected container SecureJarResource(jei)
[25Jul2025 01:37:03.564] [main/DEBUG] [mixin/]: Instancing new MixinPlatformAgentDefault for SecureJarResource(jei)
[25Jul2025 01:37:03.564] [main/DEBUG] [mixin/]: MixinPlatformAgentDefault accepted container SecureJarResource(jei)
[25Jul2025 01:37:03.565] [main/DEBUG] [mixin/]: Processing prepare() for PlatformAgent[MixinPlatformAgentDefault:SecureJarResource(jei)]
[25Jul2025 01:37:03.565] [main/DEBUG] [mixin/]: Adding mixin platform agents for container SecureJarResource(azurelib)
[25Jul2025 01:37:03.565] [main/DEBUG] [mixin/]: Instancing new MixinPlatformAgentMinecraftForge for SecureJarResource(azurelib)
[25Jul2025 01:37:03.565] [main/DEBUG] [mixin/]: MixinPlatformAgentMinecraftForge rejected container SecureJarResource(azurelib)
[25Jul2025 01:37:03.565] [main/DEBUG] [mixin/]: Instancing new MixinPlatformAgentDefault for SecureJarResource(azurelib)
[25Jul2025 01:37:03.565] [main/DEBUG] [mixin/]: MixinPlatformAgentDefault accepted container SecureJarResource(azurelib)
[25Jul2025 01:37:03.565] [main/DEBUG] [mixin/]: Processing prepare() for PlatformAgent[MixinPlatformAgentDefault:SecureJarResource(azurelib)]
[25Jul2025 01:37:03.565] [main/DEBUG] [mixin/]: Registering mixin config: azurelib.mixins.json
[25Jul2025 01:37:03.570] [main/ERROR] [mixin/]: Mixin config azurelib.mixins.json does not specify "minVersion" property
[25Jul2025 01:37:03.571] [main/DEBUG] [mixin/]: Registering mixin config: azurelib.forge.mixins.json
[25Jul2025 01:37:03.573] [main/ERROR] [mixin/]: Mixin config azurelib.forge.mixins.json does not specify "minVersion" property
[25Jul2025 01:37:03.575] [main/DEBUG] [mixin/]: Adding mixin platform agents for container SecureJarResource(cloth_config)
[25Jul2025 01:37:03.575] [main/DEBUG] [mixin/]: Instancing new MixinPlatformAgentMinecraftForge for SecureJarResource(cloth_config)
[25Jul2025 01:37:03.575] [main/DEBUG] [mixin/]: MixinPlatformAgentMinecraftForge rejected container SecureJarResource(cloth_config)
[25Jul2025 01:37:03.575] [main/DEBUG] [mixin/]: Instancing new MixinPlatformAgentDefault for SecureJarResource(cloth_config)
[25Jul2025 01:37:03.576] [main/DEBUG] [mixin/]: MixinPlatformAgentDefault accepted container SecureJarResource(cloth_config)
[25Jul2025 01:37:03.576] [main/DEBUG] [mixin/]: Processing prepare() for PlatformAgent[MixinPlatformAgentDefault:SecureJarResource(cloth_config)]
[25Jul2025 01:37:03.576] [main/DEBUG] [mixin/]: Adding mixin platform agents for container SecureJarResource(forge)
[25Jul2025 01:37:03.576] [main/DEBUG] [mixin/]: Instancing new MixinPlatformAgentMinecraftForge for SecureJarResource(forge)
[25Jul2025 01:37:03.576] [main/DEBUG] [mixin/]: MixinPlatformAgentMinecraftForge rejected container SecureJarResource(forge)
[25Jul2025 01:37:03.576] [main/DEBUG] [mixin/]: Instancing new MixinPlatformAgentDefault for SecureJarResource(forge)
[25Jul2025 01:37:03.576] [main/DEBUG] [mixin/]: MixinPlatformAgentDefault accepted container SecureJarResource(forge)
[25Jul2025 01:37:03.580] [main/DEBUG] [mixin/]: Processing prepare() for PlatformAgent[MixinPlatformAgentDefault:SecureJarResource(forge)]
[25Jul2025 01:37:03.580] [main/DEBUG] [mixin/]: Adding mixin platform agents for container SecureJarResource(luckytntmod)
[25Jul2025 01:37:03.580] [main/DEBUG] [mixin/]: Instancing new MixinPlatformAgentMinecraftForge for SecureJarResource(luckytntmod)
[25Jul2025 01:37:03.580] [main/DEBUG] [mixin/]: MixinPlatformAgentMinecraftForge rejected container SecureJarResource(luckytntmod)
[25Jul2025 01:37:03.580] [main/DEBUG] [mixin/]: Instancing new MixinPlatformAgentDefault for SecureJarResource(luckytntmod)
[25Jul2025 01:37:03.580] [main/DEBUG] [mixin/]: MixinPlatformAgentDefault accepted container SecureJarResource(luckytntmod)
[25Jul2025 01:37:03.580] [main/DEBUG] [mixin/]: Processing prepare() for PlatformAgent[MixinPlatformAgentDefault:SecureJarResource(luckytntmod)]
[25Jul2025 01:37:03.581] [main/DEBUG] [mixin/]: Adding mixin platform agents for container SecureJarResource(xaerominimap)
[25Jul2025 01:37:03.581] [main/DEBUG] [mixin/]: Instancing new MixinPlatformAgentMinecraftForge for SecureJarResource(xaerominimap)
[25Jul2025 01:37:03.581] [main/DEBUG] [mixin/]: MixinPlatformAgentMinecraftForge rejected container SecureJarResource(xaerominimap)
[25Jul2025 01:37:03.581] [main/DEBUG] [mixin/]: Instancing new MixinPlatformAgentDefault for SecureJarResource(xaerominimap)
[25Jul2025 01:37:03.581] [main/DEBUG] [mixin/]: MixinPlatformAgentDefault accepted container SecureJarResource(xaerominimap)
[25Jul2025 01:37:03.583] [main/DEBUG] [mixin/]: Processing prepare() for PlatformAgent[MixinPlatformAgentDefault:SecureJarResource(xaerominimap)]
[25Jul2025 01:37:03.584] [main/DEBUG] [mixin/]: Registering mixin config: xaerohud.mixins.json
[25Jul2025 01:37:03.585] [main/DEBUG] [mixin/]: Registering mixin config: xaerohud.forge.mixins.json
[25Jul2025 01:37:03.590] [main/DEBUG] [mixin/]: Registering mixin config: xaerominimap.mixins.json
[25Jul2025 01:37:03.593] [main/DEBUG] [mixin/]: Registering mixin config: xaerominimap.forge.mixins.json
[25Jul2025 01:37:03.594] [main/DEBUG] [mixin/]: Adding mixin platform agents for container SecureJarResource(luckytntlib)
[25Jul2025 01:37:03.594] [main/DEBUG] [mixin/]: Instancing new MixinPlatformAgentMinecraftForge for SecureJarResource(luckytntlib)
[25Jul2025 01:37:03.594] [main/DEBUG] [mixin/]: MixinPlatformAgentMinecraftForge rejected container SecureJarResource(luckytntlib)
[25Jul2025 01:37:03.594] [main/DEBUG] [mixin/]: Instancing new MixinPlatformAgentDefault for SecureJarResource(luckytntlib)
[25Jul2025 01:37:03.598] [main/DEBUG] [mixin/]: MixinPlatformAgentDefault accepted container SecureJarResource(luckytntlib)
[25Jul2025 01:37:03.598] [main/DEBUG] [mixin/]: Processing prepare() for PlatformAgent[MixinPlatformAgentDefault:SecureJarResource(luckytntlib)]
[25Jul2025 01:37:03.598] [main/DEBUG] [mixin/]: Adding mixin platform agents for container SecureJarResource(jcraft)
[25Jul2025 01:37:03.598] [main/DEBUG] [mixin/]: Instancing new MixinPlatformAgentMinecraftForge for SecureJarResource(jcraft)
[25Jul2025 01:37:03.599] [main/DEBUG] [mixin/]: MixinPlatformAgentMinecraftForge rejected container SecureJarResource(jcraft)
[25Jul2025 01:37:03.599] [main/DEBUG] [mixin/]: Instancing new MixinPlatformAgentDefault for SecureJarResource(jcraft)
[25Jul2025 01:37:03.599] [main/DEBUG] [mixin/]: MixinPlatformAgentDefault accepted container SecureJarResource(jcraft)
[25Jul2025 01:37:03.599] [main/DEBUG] [mixin/]: Processing prepare() for PlatformAgent[MixinPlatformAgentDefault:SecureJarResource(jcraft)]
[25Jul2025 01:37:03.599] [main/DEBUG] [mixin/]: Registering mixin config: jcraft.mixins.json
[25Jul2025 01:37:03.637] [main/DEBUG] [mixin/]: Registering mixin config: jcraft-forge.mixins.json
[25Jul2025 01:37:03.642] [main/DEBUG] [mixin/]: Compatibility level JAVA_8 specified by jcraft-forge.mixins.json is lower than the default level supported by the current mixin service (JAVA_16).
[25Jul2025 01:37:03.647] [main/DEBUG] [mixin/]: Adding mixin platform agents for container SecureJarResource(trimmed)
[25Jul2025 01:37:03.647] [main/DEBUG] [mixin/]: Instancing new MixinPlatformAgentMinecraftForge for SecureJarResource(trimmed)
[25Jul2025 01:37:03.647] [main/DEBUG] [mixin/]: MixinPlatformAgentMinecraftForge rejected container SecureJarResource(trimmed)
[25Jul2025 01:37:03.647] [main/DEBUG] [mixin/]: Instancing new MixinPlatformAgentDefault for SecureJarResource(trimmed)
[25Jul2025 01:37:03.648] [main/DEBUG] [mixin/]: MixinPlatformAgentDefault accepted container SecureJarResource(trimmed)
[25Jul2025 01:37:03.648] [main/DEBUG] [mixin/]: Processing prepare() for PlatformAgent[MixinPlatformAgentDefault:SecureJarResource(trimmed)]
[25Jul2025 01:37:03.648] [main/DEBUG] [mixin/]: Registering mixin config: trimmed.forge.mixins.json
[25Jul2025 01:37:03.652] [main/DEBUG] [mixin/]: Registering mixin config: trimmed.mixins.json
[25Jul2025 01:37:03.655] [main/DEBUG] [mixin/]: Adding mixin platform agents for container SecureJarResource(dungeons_arise)
[25Jul2025 01:37:03.655] [main/DEBUG] [mixin/]: Instancing new MixinPlatformAgentMinecraftForge for SecureJarResource(dungeons_arise)
[25Jul2025 01:37:03.655] [main/DEBUG] [mixin/]: MixinPlatformAgentMinecraftForge rejected container SecureJarResource(dungeons_arise)
[25Jul2025 01:37:03.655] [main/DEBUG] [mixin/]: Instancing new MixinPlatformAgentDefault for SecureJarResource(dungeons_arise)
[25Jul2025 01:37:03.655] [main/DEBUG] [mixin/]: MixinPlatformAgentDefault accepted container SecureJarResource(dungeons_arise)
[25Jul2025 01:37:03.655] [main/DEBUG] [mixin/]: Processing prepare() for PlatformAgent[MixinPlatformAgentDefault:SecureJarResource(dungeons_arise)]
[25Jul2025 01:37:03.657] [main/DEBUG] [mixin/]: Adding mixin platform agents for container SecureJarResource(mclib)
[25Jul2025 01:37:03.657] [main/DEBUG] [mixin/]: Instancing new MixinPlatformAgentMinecraftForge for SecureJarResource(mclib)
[25Jul2025 01:37:03.657] [main/DEBUG] [mixin/]: MixinPlatformAgentMinecraftForge rejected container SecureJarResource(mclib)
[25Jul2025 01:37:03.658] [main/DEBUG] [mixin/]: Instancing new MixinPlatformAgentDefault for SecureJarResource(mclib)
[25Jul2025 01:37:03.658] [main/DEBUG] [mixin/]: MixinPlatformAgentDefault accepted container SecureJarResource(mclib)
[25Jul2025 01:37:03.659] [main/DEBUG] [mixin/]: Processing prepare() for PlatformAgent[MixinPlatformAgentDefault:SecureJarResource(mclib)]
[25Jul2025 01:37:03.659] [main/DEBUG] [mixin/]: Adding mixin platform agents for container SecureJarResource(MixinExtras)
[25Jul2025 01:37:03.659] [main/DEBUG] [mixin/]: Instancing new MixinPlatformAgentMinecraftForge for SecureJarResource(MixinExtras)
[25Jul2025 01:37:03.659] [main/DEBUG] [mixin/]: MixinPlatformAgentMinecraftForge rejected container SecureJarResource(MixinExtras)
[25Jul2025 01:37:03.659] [main/DEBUG] [mixin/]: Instancing new MixinPlatformAgentDefault for SecureJarResource(MixinExtras)
[25Jul2025 01:37:03.659] [main/DEBUG] [mixin/]: MixinPlatformAgentDefault accepted container SecureJarResource(MixinExtras)
[25Jul2025 01:37:03.659] [main/DEBUG] [mixin/]: Processing prepare() for PlatformAgent[MixinPlatformAgentDefault:SecureJarResource(MixinExtras)]
[25Jul2025 01:37:03.659] [main/DEBUG] [mixin/]: inject() running with 21 agents
[25Jul2025 01:37:03.659] [main/DEBUG] [mixin/]: Processing inject() for PlatformAgent[MixinPlatformAgentDefault:ModLauncher Root Container(ModLauncher:4f56a0a2)]
[25Jul2025 01:37:03.659] [main/DEBUG] [mixin/]: Processing inject() for PlatformAgent[MixinPlatformAgentDefault:SecureJarResource(minecraft)]
[25Jul2025 01:37:03.659] [main/DEBUG] [mixin/]: Processing inject() for PlatformAgent[MixinPlatformAgentDefault:SecureJarResource(mixinextras)]
[25Jul2025 01:37:03.660] [main/DEBUG] [mixin/]: Processing inject() for PlatformAgent[MixinPlatformAgentDefault:SecureJarResource(mowziesmobs)]
[25Jul2025 01:37:03.660] [main/DEBUG] [mixin/]: Processing inject() for PlatformAgent[MixinPlatformAgentDefault:SecureJarResource(terrablender)]
[25Jul2025 01:37:03.660] [main/DEBUG] [mixin/]: Processing inject() for PlatformAgent[MixinPlatformAgentDefault:SecureJarResource(geckolib)]
[25Jul2025 01:37:03.660] [main/DEBUG] [mixin/]: Processing inject() for PlatformAgent[MixinPlatformAgentDefault:SecureJarResource(architectury)]
[25Jul2025 01:37:03.660] [main/DEBUG] [mixin/]: Processing inject() for PlatformAgent[MixinPlatformAgentDefault:SecureJarResource(playeranimator)]
[25Jul2025 01:37:03.660] [main/DEBUG] [mixin/]: Processing inject() for PlatformAgent[MixinPlatformAgentDefault:SecureJarResource(elementalcreepers)]
[25Jul2025 01:37:03.660] [main/DEBUG] [mixin/]: Processing inject() for PlatformAgent[MixinPlatformAgentDefault:SecureJarResource(jei)]
[25Jul2025 01:37:03.660] [main/DEBUG] [mixin/]: Processing inject() for PlatformAgent[MixinPlatformAgentDefault:SecureJarResource(azurelib)]
[25Jul2025 01:37:03.660] [main/DEBUG] [mixin/]: Processing inject() for PlatformAgent[MixinPlatformAgentDefault:SecureJarResource(cloth_config)]
[25Jul2025 01:37:03.660] [main/DEBUG] [mixin/]: Processing inject() for PlatformAgent[MixinPlatformAgentDefault:SecureJarResource(forge)]
[25Jul2025 01:37:03.660] [main/DEBUG] [mixin/]: Processing inject() for PlatformAgent[MixinPlatformAgentDefault:SecureJarResource(luckytntmod)]
[25Jul2025 01:37:03.663] [main/DEBUG] [mixin/]: Processing inject() for PlatformAgent[MixinPlatformAgentDefault:SecureJarResource(xaerominimap)]
[25Jul2025 01:37:03.663] [main/DEBUG] [mixin/]: Processing inject() for PlatformAgent[MixinPlatformAgentDefault:SecureJarResource(luckytntlib)]
[25Jul2025 01:37:03.663] [main/DEBUG] [mixin/]: Processing inject() for PlatformAgent[MixinPlatformAgentDefault:SecureJarResource(jcraft)]
[25Jul2025 01:37:03.663] [main/DEBUG] [mixin/]: Processing inject() for PlatformAgent[MixinPlatformAgentDefault:SecureJarResource(trimmed)]
[25Jul2025 01:37:03.664] [main/DEBUG] [mixin/]: Processing inject() for PlatformAgent[MixinPlatformAgentDefault:SecureJarResource(dungeons_arise)]
[25Jul2025 01:37:03.664] [main/DEBUG] [mixin/]: Processing inject() for PlatformAgent[MixinPlatformAgentDefault:SecureJarResource(mclib)]
[25Jul2025 01:37:03.664] [main/DEBUG] [mixin/]: Processing inject() for PlatformAgent[MixinPlatformAgentDefault:SecureJarResource(MixinExtras)]
[25Jul2025 01:37:03.664] [main/INFO] [cpw.mods.modlauncher.LaunchServiceHandler/MODLAUNCHER]: Launching target 'forgeserver' with arguments [nogui]
[25Jul2025 01:37:03.740] [main/DEBUG] [mixin/]: Error cleaning class output directory: .mixin.out
[25Jul2025 01:37:03.746] [main/DEBUG] [mixin/]: Preparing mixins for MixinEnvironment[DEFAULT]
[25Jul2025 01:37:03.747] [main/DEBUG] [mixin/]: Selecting config mixinextras.init.mixins.json
[25Jul2025 01:37:03.855] [main/DEBUG] [MixinExtras|Service/]: com.llamalad7.mixinextras.service.MixinExtrasServiceImpl(version=0.4.1) is taking over from null
[25Jul2025 01:37:03.911] [main/DEBUG] [mixin/]: Registering new injector for @Inject with org.spongepowered.asm.mixin.injection.struct.CallbackInjectionInfo
[25Jul2025 01:37:03.912] [main/DEBUG] [mixin/]: Registering new injector for @ModifyArg with org.spongepowered.asm.mixin.injection.struct.ModifyArgInjectionInfo
[25Jul2025 01:37:03.915] [main/DEBUG] [mixin/]: Registering new injector for @ModifyArgs with org.spongepowered.asm.mixin.injection.struct.ModifyArgsInjectionInfo
[25Jul2025 01:37:03.917] [main/DEBUG] [mixin/]: Registering new injector for @Redirect with org.spongepowered.asm.mixin.injection.struct.RedirectInjectionInfo
[25Jul2025 01:37:03.921] [main/DEBUG] [mixin/]: Registering new injector for @ModifyVariable with org.spongepowered.asm.mixin.injection.struct.ModifyVariableInjectionInfo
[25Jul2025 01:37:03.923] [main/DEBUG] [mixin/]: Registering new injector for @ModifyConstant with org.spongepowered.asm.mixin.injection.struct.ModifyConstantInjectionInfo
[25Jul2025 01:37:03.942] [main/DEBUG] [mixin/]: Selecting config mowziesmobs.mixins.json
[25Jul2025 01:37:03.946] [main/DEBUG] [mixin/]: Selecting config terrablender.mixins.json
[25Jul2025 01:37:03.947] [main/DEBUG] [mixin/]: Selecting config terrablender_forge.mixins.json
[25Jul2025 01:37:03.948] [main/DEBUG] [mixin/]: Selecting config geckolib.mixins.json
[25Jul2025 01:37:03.949] [main/DEBUG] [mixin/]: Selecting config architectury.mixins.json
[25Jul2025 01:37:03.954] [main/DEBUG] [mixin/]: Selecting config architectury-common.mixins.json
[25Jul2025 01:37:03.954] [main/DEBUG] [mixin/]: Selecting config playerAnimator-common.mixins.json
[25Jul2025 01:37:03.959] [main/DEBUG] [mixin/]: Selecting config azurelib.mixins.json
[25Jul2025 01:37:03.962] [main/DEBUG] [mixin/]: Selecting config azurelib.forge.mixins.json
[25Jul2025 01:37:03.963] [main/DEBUG] [mixin/]: Selecting config xaerohud.mixins.json
[25Jul2025 01:37:03.966] [main/DEBUG] [mixin/]: Selecting config xaerohud.forge.mixins.json
[25Jul2025 01:37:03.968] [main/DEBUG] [mixin/]: Selecting config xaerominimap.mixins.json
[25Jul2025 01:37:03.970] [main/DEBUG] [mixin/]: Selecting config xaerominimap.forge.mixins.json
[25Jul2025 01:37:03.971] [main/DEBUG] [mixin/]: Selecting config jcraft.mixins.json
[25Jul2025 01:37:03.982] [main/DEBUG] [mixin/]: Selecting config jcraft-forge.mixins.json
[25Jul2025 01:37:03.984] [main/DEBUG] [mixin/]: Selecting config trimmed.forge.mixins.json
[25Jul2025 01:37:03.987] [main/DEBUG] [mixin/]: Selecting config trimmed.mixins.json
[25Jul2025 01:37:03.990] [main/DEBUG] [mixin/]: Preparing mixinextras.init.mixins.json (0)
[25Jul2025 01:37:03.991] [main/DEBUG] [mixin/]: Preparing mowziesmobs.mixins.json (1)
[25Jul2025 01:37:04.037] [main/DEBUG] [mixin/]: Preparing terrablender.mixins.json (7)
[25Jul2025 01:37:04.098] [main/DEBUG] [mixin/]: Preparing terrablender_forge.mixins.json (0)
[25Jul2025 01:37:04.099] [main/DEBUG] [mixin/]: Preparing geckolib.mixins.json (1)
[25Jul2025 01:37:04.100] [main/DEBUG] [mixin/]: Preparing architectury.mixins.json (9)
[25Jul2025 01:37:04.130] [main/DEBUG] [mixin/]: Preparing architectury-common.mixins.json (10)
[25Jul2025 01:37:04.160] [main/DEBUG] [net.minecraftforge.coremod.transformer.CoreModBaseTransformer/COREMOD]: Transforming net/minecraft/world/item/BucketItem
[25Jul2025 01:37:04.171] [main/ERROR] [net.minecraftforge.coremod.transformer.CoreModBaseTransformer/COREMOD]: Error occurred applying transform of coremod coremods/field_to_method.js function bucketitem
java.lang.IllegalStateException: Field f_40687_ is not private and an instance field
	at net.minecraftforge.coremod.api.ASMAPI.redirectFieldToMethod(ASMAPI.java:270) ~[coremods-5.1.6.jar%2354!/:?]
	at org.openjdk.nashorn.internal.scripts.Script$Recompilation$14$1965A$\^eval\_.initializeCoreMod#transformer-4(<eval>:52) ~[?:?]
	at org.openjdk.nashorn.internal.runtime.ScriptFunctionData.invoke(ScriptFunctionData.java:648) ~[nashorn-core-15.3.jar%2366!/:?]
	at org.openjdk.nashorn.internal.runtime.ScriptFunction.invoke(ScriptFunction.java:513) ~[nashorn-core-15.3.jar%2366!/:?]
	at org.openjdk.nashorn.internal.runtime.ScriptRuntime.apply(ScriptRuntime.java:520) ~[nashorn-core-15.3.jar%2366!/:?]
	at org.openjdk.nashorn.api.scripting.ScriptObjectMirror.call(ScriptObjectMirror.java:111) ~[nashorn-core-15.3.jar%2366!/:?]
	at net.minecraftforge.coremod.NashornFactory.lambda$getFunction$0(NashornFactory.java:22) ~[coremods-5.1.6.jar%2354!/:5.1.6]
	at net.minecraftforge.coremod.transformer.CoreModClassTransformer.runCoremod(CoreModClassTransformer.java:22) ~[coremods-5.1.6.jar%2354!/:?]
	at net.minecraftforge.coremod.transformer.CoreModClassTransformer.runCoremod(CoreModClassTransformer.java:14) ~[coremods-5.1.6.jar%2354!/:?]
	at net.minecraftforge.coremod.transformer.CoreModBaseTransformer.transform(CoreModBaseTransformer.java:42) ~[coremods-5.1.6.jar%2354!/:?]
	at cpw.mods.modlauncher.TransformerHolder.transform(TransformerHolder.java:41) ~[modlauncher-10.0.9.jar%2355!/:?]
	at cpw.mods.modlauncher.ClassTransformer.performVote(ClassTransformer.java:179) ~[modlauncher-10.0.9.jar%2355!/:?]
	at cpw.mods.modlauncher.ClassTransformer.transform(ClassTransformer.java:117) ~[modlauncher-10.0.9.jar%2355!/:?]
	at cpw.mods.modlauncher.TransformingClassLoader.maybeTransformClassBytes(TransformingClassLoader.java:50) ~[modlauncher-10.0.9.jar%2355!/:?]
	at cpw.mods.cl.ModuleClassLoader.getMaybeTransformedClassBytes(ModuleClassLoader.java:250) ~[securejarhandler-2.1.10.jar:?]
	at cpw.mods.modlauncher.TransformingClassLoader.buildTransformedClassNodeFor(TransformingClassLoader.java:58) ~[modlauncher-10.0.9.jar%2355!/:?]
	at cpw.mods.modlauncher.LaunchPluginHandler.lambda$announceLaunch$10(LaunchPluginHandler.java:100) ~[modlauncher-10.0.9.jar%2355!/:?]
	at org.spongepowered.asm.launch.MixinLaunchPluginLegacy.getClassNode(MixinLaunchPluginLegacy.java:222) ~[mixin-0.8.5.jar%2365!/:0.8.5+Jenkins-b310.git-155314e6e91465dad727e621a569906a410cd6f4]
	at org.spongepowered.asm.launch.MixinLaunchPluginLegacy.getClassNode(MixinLaunchPluginLegacy.java:207) ~[mixin-0.8.5.jar%2365!/:0.8.5+Jenkins-b310.git-155314e6e91465dad727e621a569906a410cd6f4]
	at org.spongepowered.asm.mixin.transformer.ClassInfo.forName(ClassInfo.java:2005) ~[mixin-0.8.5.jar%2365!/:0.8.5+Jenkins-b310.git-155314e6e91465dad727e621a569906a410cd6f4]
	at org.spongepowered.asm.mixin.transformer.MixinInfo.getTargetClass(MixinInfo.java:1017) ~[mixin-0.8.5.jar%2365!/:0.8.5+Jenkins-b310.git-155314e6e91465dad727e621a569906a410cd6f4]
	at org.spongepowered.asm.mixin.transformer.MixinInfo.readTargetClasses(MixinInfo.java:1007) ~[mixin-0.8.5.jar%2365!/:0.8.5+Jenkins-b310.git-155314e6e91465dad727e621a569906a410cd6f4]
	at org.spongepowered.asm.mixin.transformer.MixinInfo.parseTargets(MixinInfo.java:895) ~[mixin-0.8.5.jar%2365!/:0.8.5+Jenkins-b310.git-155314e6e91465dad727e621a569906a410cd6f4]
	at org.spongepowered.asm.mixin.transformer.MixinConfig.prepareMixins(MixinConfig.java:867) ~[mixin-0.8.5.jar%2365!/:0.8.5+Jenkins-b310.git-155314e6e91465dad727e621a569906a410cd6f4]
	at org.spongepowered.asm.mixin.transformer.MixinConfig.prepare(MixinConfig.java:775) ~[mixin-0.8.5.jar%2365!/:0.8.5+Jenkins-b310.git-155314e6e91465dad727e621a569906a410cd6f4]
	at org.spongepowered.asm.mixin.transformer.MixinProcessor.prepareConfigs(MixinProcessor.java:539) ~[mixin-0.8.5.jar%2365!/:0.8.5+Jenkins-b310.git-155314e6e91465dad727e621a569906a410cd6f4]
	at org.spongepowered.asm.mixin.transformer.MixinProcessor.select(MixinProcessor.java:462) ~[mixin-0.8.5.jar%2365!/:0.8.5+Jenkins-b310.git-155314e6e91465dad727e621a569906a410cd6f4]
	at org.spongepowered.asm.mixin.transformer.MixinProcessor.checkSelect(MixinProcessor.java:438) ~[mixin-0.8.5.jar%2365!/:0.8.5+Jenkins-b310.git-155314e6e91465dad727e621a569906a410cd6f4]
	at org.spongepowered.asm.mixin.transformer.MixinProcessor.applyMixins(MixinProcessor.java:290) ~[mixin-0.8.5.jar%2365!/:0.8.5+Jenkins-b310.git-155314e6e91465dad727e621a569906a410cd6f4]
	at org.spongepowered.asm.mixin.transformer.MixinTransformer.transformClass(MixinTransformer.java:250) ~[mixin-0.8.5.jar%2365!/:0.8.5+Jenkins-b310.git-155314e6e91465dad727e621a569906a410cd6f4]
	at org.spongepowered.asm.service.modlauncher.MixinTransformationHandler.processClass(MixinTransformationHandler.java:131) ~[mixin-0.8.5.jar%2365!/:0.8.5+Jenkins-b310.git-155314e6e91465dad727e621a569906a410cd6f4]
	at org.spongepowered.asm.launch.MixinLaunchPluginLegacy.processClass(MixinLaunchPluginLegacy.java:131) ~[mixin-0.8.5.jar%2365!/:0.8.5+Jenkins-b310.git-155314e6e91465dad727e621a569906a410cd6f4]
	at cpw.mods.modlauncher.serviceapi.ILaunchPluginService.processClassWithFlags(ILaunchPluginService.java:156) ~[modlauncher-10.0.9.jar%2355!/:10.0.9+10.0.9+main.dcd20f30]
	at cpw.mods.modlauncher.LaunchPluginHandler.offerClassNodeToPlugins(LaunchPluginHandler.java:88) ~[modlauncher-10.0.9.jar%2355!/:?]
	at cpw.mods.modlauncher.ClassTransformer.transform(ClassTransformer.java:120) ~[modlauncher-10.0.9.jar%2355!/:?]
	at cpw.mods.modlauncher.TransformingClassLoader.maybeTransformClassBytes(TransformingClassLoader.java:50) ~[modlauncher-10.0.9.jar%2355!/:?]
	at cpw.mods.cl.ModuleClassLoader.readerToClass(ModuleClassLoader.java:113) ~[securejarhandler-2.1.10.jar:?]
	at cpw.mods.cl.ModuleClassLoader.lambda$findClass$15(ModuleClassLoader.java:219) ~[securejarhandler-2.1.10.jar:?]
	at cpw.mods.cl.ModuleClassLoader.loadFromModule(ModuleClassLoader.java:229) ~[securejarhandler-2.1.10.jar:?]
	at cpw.mods.cl.ModuleClassLoader.findClass(ModuleClassLoader.java:219) ~[securejarhandler-2.1.10.jar:?]
	at java.lang.ClassLoader.loadClass(ClassLoader.java:637) ~[?:?]
	at java.lang.Class.forName(Class.java:545) ~[?:?]
	at net.minecraftforge.fml.loading.ImmediateWindowHandler$DummyProvider.lambda$updateModuleReads$1(ImmediateWindowHandler.java:145) ~[fmlloader-1.20.1-47.3.7.jar%2369!/:1.0]
	at java.util.Optional.map(Optional.java:260) ~[?:?]
	at net.minecraftforge.fml.loading.ImmediateWindowHandler$DummyProvider.updateModuleReads(ImmediateWindowHandler.java:145) ~[fmlloader-1.20.1-47.3.7.jar%2369!/:1.0]
	at net.minecraftforge.fml.loading.ImmediateWindowHandler.acceptGameLayer(ImmediateWindowHandler.java:71) ~[fmlloader-1.20.1-47.3.7.jar%2369!/:1.0]
	at net.minecraftforge.fml.loading.FMLLoader.beforeStart(FMLLoader.java:207) ~[fmlloader-1.20.1-47.3.7.jar%2369!/:1.0]
	at net.minecraftforge.fml.loading.targets.CommonLaunchHandler.launchService(CommonLaunchHandler.java:92) ~[fmlloader-1.20.1-47.3.7.jar%2369!/:?]
	at cpw.mods.modlauncher.LaunchServiceHandlerDecorator.launch(LaunchServiceHandlerDecorator.java:30) ~[modlauncher-10.0.9.jar%2355!/:?]
	at cpw.mods.modlauncher.LaunchServiceHandler.launch(LaunchServiceHandler.java:53) ~[modlauncher-10.0.9.jar%2355!/:?]
	at cpw.mods.modlauncher.LaunchServiceHandler.launch(LaunchServiceHandler.java:71) ~[modlauncher-10.0.9.jar%2355!/:?]
	at cpw.mods.modlauncher.Launcher.run(Launcher.java:108) ~[modlauncher-10.0.9.jar%2355!/:?]
	at cpw.mods.modlauncher.Launcher.main(Launcher.java:78) ~[modlauncher-10.0.9.jar%2355!/:?]
	at cpw.mods.modlauncher.BootstrapLaunchConsumer.accept(BootstrapLaunchConsumer.java:26) ~[modlauncher-10.0.9.jar%2355!/:?]
	at cpw.mods.modlauncher.BootstrapLaunchConsumer.accept(BootstrapLaunchConsumer.java:23) ~[modlauncher-10.0.9.jar%2355!/:?]
	at cpw.mods.bootstraplauncher.BootstrapLauncher.main(BootstrapLauncher.java:141) ~[bootstraplauncher-1.1.2.jar:?]
[25Jul2025 01:37:04.215] [main/DEBUG] [net.minecraftforge.coremod.transformer.CoreModBaseTransformer/COREMOD]: Transforming net/minecraft/world/entity/EntityType
[25Jul2025 01:37:04.684] [main/DEBUG] [net.minecraftforge.coremod.transformer.CoreModBaseTransformer/COREMOD]: Transforming net/minecraft/world/level/block/LiquidBlock
[25Jul2025 01:37:04.701] [main/DEBUG] [mixin/]: Preparing playerAnimator-common.mixins.json (14)
[25Jul2025 01:37:04.701] [main/DEBUG] [mixin/]: Preparing azurelib.mixins.json (0)
[25Jul2025 01:37:04.701] [main/DEBUG] [mixin/]: Preparing azurelib.forge.mixins.json (12)
[25Jul2025 01:37:04.722] [main/DEBUG] [net.minecraftforge.coremod.transformer.CoreModBaseTransformer/COREMOD]: Transforming net/minecraft/world/item/ItemStack
[25Jul2025 01:37:04.785] [main/DEBUG] [mixin/]: Preparing xaerohud.mixins.json (22)
[25Jul2025 01:37:04.850] [main/DEBUG] [mixin/]: Preparing xaerohud.forge.mixins.json (0)
[25Jul2025 01:37:04.850] [main/DEBUG] [mixin/]: Preparing xaerominimap.mixins.json (0)
[25Jul2025 01:37:04.852] [main/DEBUG] [mixin/]: Preparing xaerominimap.forge.mixins.json (0)
[25Jul2025 01:37:04.852] [main/DEBUG] [mixin/]: Preparing jcraft.mixins.json (115)
[25Jul2025 01:37:05.243] [main/DEBUG] [net.minecraftforge.coremod.transformer.CoreModBaseTransformer/COREMOD]: Transforming net/minecraft/world/entity/npc/Villager
[25Jul2025 01:37:05.837] [main/DEBUG] [mixin/]: Preparing jcraft-forge.mixins.json (12)
[25Jul2025 01:37:05.853] [main/DEBUG] [mixin/]: Preparing trimmed.forge.mixins.json (2)
[25Jul2025 01:37:05.853] [main/DEBUG] [mixin/]: Preparing trimmed.mixins.json (5)
[25Jul2025 01:37:06.049] [main/DEBUG] [mixin/]: Prepared 112 mixins in 2.297 sec (20.5ms avg) (0ms load, 0ms transform, 0ms plugin)
[25Jul2025 01:37:06.070] [main/INFO] [MixinExtras|Service/]: Initializing MixinExtras via com.llamalad7.mixinextras.service.MixinExtrasServiceImpl(version=0.4.1).
[25Jul2025 01:37:06.072] [main/DEBUG] [mixin/]: Registering new injector for @SugarWrapper with com.llamalad7.mixinextras.sugar.impl.SugarWrapperInjectionInfo
[25Jul2025 01:37:06.072] [main/DEBUG] [mixin/]: Registering new injector for @FactoryRedirectWrapper with com.llamalad7.mixinextras.wrapper.factory.FactoryRedirectWrapperInjectionInfo
[25Jul2025 01:37:06.082] [main/DEBUG] [mixin/]: Mixing MixinMinecraftServer from xaerohud.mixins.json into net.minecraft.server.MinecraftServer
[25Jul2025 01:37:06.096] [main/DEBUG] [mixin/]: Mixing MinecraftServerAccessor from jcraft.mixins.json into net.minecraft.server.MinecraftServer
[25Jul2025 01:37:06.286] [main/DEBUG] [io.netty.util.internal.logging.InternalLoggerFactory/]: Using SLF4J as the default logging framework
[25Jul2025 01:37:06.292] [main/DEBUG] [io.netty.util.ResourceLeakDetector/]: -Dio.netty.leakDetection.level: simple
[25Jul2025 01:37:06.294] [main/DEBUG] [io.netty.util.ResourceLeakDetector/]: -Dio.netty.leakDetection.targetRecords: 4
[25Jul2025 01:37:06.672] [main/DEBUG] [oshi.util.FileUtil/]: No oshi.properties file found from ClassLoader cpw.mods.modlauncher.TransformingClassLoader@58606c91
[25Jul2025 01:37:06.673] [main/DEBUG] [oshi.util.FileUtil/]: No oshi.properties file found from ClassLoader jdk.internal.loader.ClassLoaders$AppClassLoader@76ed5528
[25Jul2025 01:37:06.752] [main/DEBUG] [oshi.util.FileUtil/]: Reading file /proc/self/auxv
[25Jul2025 01:37:06.755] [main/DEBUG] [oshi.util.FileUtil/]: Reading file /proc/self/auxv
[25Jul2025 01:37:06.764] [main/DEBUG] [oshi.util.FileUtil/]: Reading file /proc/stat
[25Jul2025 01:37:06.777] [main/DEBUG] [oshi.util.FileUtil/]: Reading file /sys/devices/system/cpu/cpu0/topology/core_id
[25Jul2025 01:37:06.779] [main/DEBUG] [oshi.util.FileUtil/]: Reading file /sys/devices/system/cpu/cpu0/topology/core_id
[25Jul2025 01:37:06.780] [main/DEBUG] [oshi.util.FileUtil/]: Reading file /sys/devices/system/cpu/cpu0/topology/physical_package_id
[25Jul2025 01:37:06.780] [main/DEBUG] [oshi.util.FileUtil/]: Reading file /sys/devices/system/cpu/cpu0/topology/physical_package_id
[25Jul2025 01:37:06.780] [main/DEBUG] [oshi.util.FileUtil/]: Reading file /sys/devices/system/cpu/cpu0/cpu_capacity
[25Jul2025 01:37:06.784] [main/DEBUG] [oshi.util.FileUtil/]: Reading file /sys/devices/system/cpu/cpu1/topology/core_id
[25Jul2025 01:37:06.784] [main/DEBUG] [oshi.util.FileUtil/]: Reading file /sys/devices/system/cpu/cpu1/topology/core_id
[25Jul2025 01:37:06.784] [main/DEBUG] [oshi.util.FileUtil/]: Reading file /sys/devices/system/cpu/cpu1/topology/physical_package_id
[25Jul2025 01:37:06.784] [main/DEBUG] [oshi.util.FileUtil/]: Reading file /sys/devices/system/cpu/cpu1/topology/physical_package_id
[25Jul2025 01:37:06.784] [main/DEBUG] [oshi.util.FileUtil/]: Reading file /sys/devices/system/cpu/cpu1/cpu_capacity
[25Jul2025 01:37:06.788] [main/DEBUG] [oshi.util.FileUtil/]: Reading file /proc/cpuinfo
[25Jul2025 01:37:06.798] [main/DEBUG] [oshi.util.FileUtil/]: Reading file /proc/self/auxv
[25Jul2025 01:37:06.802] [main/DEBUG] [oshi.util.FileUtil/]: No oshi.architecture.properties file found from ClassLoader cpw.mods.modlauncher.TransformingClassLoader@58606c91
[25Jul2025 01:37:06.802] [main/DEBUG] [oshi.util.FileUtil/]: No oshi.architecture.properties file found from ClassLoader jdk.internal.loader.ClassLoaders$AppClassLoader@76ed5528
[25Jul2025 01:37:06.870] [main/DEBUG] [oshi.util.FileUtil/]: Reading file /proc/meminfo
[25Jul2025 01:37:06.873] [main/DEBUG] [oshi.util.FileUtil/]: Reading file /proc/meminfo
[25Jul2025 01:37:06.966] [main/DEBUG] [mixin/]: Mixing MixinBuiltInRegistries from terrablender.mixins.json into net.minecraft.core.registries.BuiltInRegistries
[25Jul2025 01:37:06.971] [main/DEBUG] [mixin/]: Renaming synthetic method lambda$registerSimple$0(Lnet/minecraft/core/registries/BuiltInRegistries$RegistryBootstrap;Lnet/minecraft/core/Registry;)Ljava/lang/Object; to mdc9bef8$lambda$registerSimple$0$0 in terrablender.mixins.json:MixinBuiltInRegistries
[25Jul2025 01:37:07.154] [main/DEBUG] [mixin/]: Mixing inject.MixinGameEvent from architectury-common.mixins.json into net.minecraft.world.level.gameevent.GameEvent
[25Jul2025 01:37:07.222] [main/DEBUG] [mixin/]: Mixing inject.MixinBlock from architectury-common.mixins.json into net.minecraft.world.level.block.Block
[25Jul2025 01:37:07.269] [main/DEBUG] [mixin/]: Mixing EntityMixin from jcraft.mixins.json into net.minecraft.world.entity.Entity
[25Jul2025 01:37:07.294] [main/DEBUG] [mixin/]: Mixing gravity.EntityMixin from jcraft.mixins.json into net.minecraft.world.entity.Entity
[25Jul2025 01:37:07.377] [main/DEBUG] [mixin/]: Mixing EntityMixin from jcraft-forge.mixins.json into net.minecraft.world.entity.Entity
[25Jul2025 01:37:07.377] [main/DEBUG] [mixin/]: jcraft-forge.mixins.json:EntityMixin: Class version 61 required is higher than the class version supported by the current version of Mixin (JAVA_8 supports class version 52)
[25Jul2025 01:37:07.378] [main/DEBUG] [mixin/]: Mixing gravity.EntityMixin from jcraft-forge.mixins.json into net.minecraft.world.entity.Entity
[25Jul2025 01:37:07.378] [main/DEBUG] [mixin/]: jcraft-forge.mixins.json:gravity.EntityMixin: Class version 61 required is higher than the class version supported by the current version of Mixin (JAVA_8 supports class version 52)
[25Jul2025 01:37:07.668] [main/DEBUG] [mixin/]: Mixing LivingEntityInvoker from jcraft.mixins.json into net.minecraft.world.entity.LivingEntity
[25Jul2025 01:37:07.669] [main/DEBUG] [mixin/]: Mixing LivingEntityMixin from jcraft.mixins.json into net.minecraft.world.entity.LivingEntity
[25Jul2025 01:37:07.751] [main/DEBUG] [mixin/]: Mixing gravity.LivingEntityMixin from jcraft.mixins.json into net.minecraft.world.entity.LivingEntity
[25Jul2025 01:37:08.162] [main/DEBUG] [mixin/]: Mixing WorldMixin from jcraft.mixins.json into net.minecraft.world.level.Level
[25Jul2025 01:37:08.192] [main/DEBUG] [mixin/]: Mixing TimestopBlockMixin from jcraft-forge.mixins.json into net.minecraft.world.level.LevelAccessor
[25Jul2025 01:37:08.193] [main/DEBUG] [mixin/]: jcraft-forge.mixins.json:TimestopBlockMixin: Class version 61 required is higher than the class version supported by the current version of Mixin (JAVA_8 supports class version 52)
[25Jul2025 01:37:08.287] [main/DEBUG] [mixin/]: Mixing ServerWorldMixin from jcraft.mixins.json into net.minecraft.server.level.ServerLevel
[25Jul2025 01:37:08.390] [main/DEBUG] [mixin/]: Mixing PlayerEntityMixin from jcraft.mixins.json into net.minecraft.world.entity.player.Player
[25Jul2025 01:37:08.440] [main/DEBUG] [mixin/]: Mixing gravity.PlayerEntityMixin from jcraft.mixins.json into net.minecraft.world.entity.player.Player
[25Jul2025 01:37:08.836] [main/DEBUG] [mixin/]: Mixing inject.MixinFluid from architectury-common.mixins.json into net.minecraft.world.level.material.Fluid
[25Jul2025 01:37:08.849] [main/DEBUG] [mixin/]: Mixing inject.MixinItem from architectury-common.mixins.json into net.minecraft.world.item.Item
[25Jul2025 01:37:08.858] [main/DEBUG] [mixin/]: Mixing LongUseItemMixin from jcraft.mixins.json into net.minecraft.world.item.Item
[25Jul2025 01:37:08.859] [main/DEBUG] [mixin/]: Mixing gravity.ItemMixin from jcraft.mixins.json into net.minecraft.world.item.Item
[25Jul2025 01:37:08.954] [main/DEBUG] [net.minecraftforge.coremod.transformer.CoreModBaseTransformer/COREMOD]: Transforming net/minecraft/world/entity/EntityType
[25Jul2025 01:37:09.196] [main/DEBUG] [mixin/]: Mixing inject.MixinEntityType from architectury-common.mixins.json into net.minecraft.world.entity.EntityType
[25Jul2025 01:37:09.200] [main/DEBUG] [mixin/]: Mixing EntityTypeAccessor from jcraft.mixins.json into net.minecraft.world.entity.EntityType
[25Jul2025 01:37:09.200] [main/DEBUG] [mixin/]: Mixing EntityTypeMixin from jcraft.mixins.json into net.minecraft.world.entity.EntityType
[25Jul2025 01:37:09.406] [main/DEBUG] [mixin/]: Mixing gravity.DirectionMixin from jcraft.mixins.json into net.minecraft.core.Direction
[25Jul2025 01:37:09.817] [main/DEBUG] [net.minecraftforge.coremod.transformer.CoreModBaseTransformer/COREMOD]: Transforming net/minecraft/world/level/block/LiquidBlock
[25Jul2025 01:37:09.819] [main/DEBUG] [mixin/]: Mixing inject.MixinLiquidBlock from architectury-common.mixins.json into net.minecraft.world.level.block.LiquidBlock
[25Jul2025 01:37:09.860] [main/DEBUG] [mixin/]: Mixing BedBlockMixin from jcraft.mixins.json into net.minecraft.world.level.block.BedBlock
[25Jul2025 01:37:09.913] [main/DEBUG] [net.minecraftforge.coremod.transformer.CoreModBaseTransformer/COREMOD]: Transforming net/minecraft/world/level/block/StairBlock
[25Jul2025 01:37:09.967] [main/DEBUG] [mixin/]: Mixing NetherPortalBlockMixin from jcraft.mixins.json into net.minecraft.world.level.block.NetherPortalBlock
[25Jul2025 01:37:10.022] [main/DEBUG] [mixin/]: Mixing EndPortalBlockMixin from jcraft.mixins.json into net.minecraft.world.level.block.EndPortalBlock
[25Jul2025 01:37:10.047] [main/DEBUG] [net.minecraftforge.coremod.transformer.CoreModBaseTransformer/COREMOD]: Transforming net/minecraft/world/level/block/FlowerPotBlock
[25Jul2025 01:37:10.211] [main/DEBUG] [mixin/]: Mixing RespawnAnchorBlockMixin from jcraft.mixins.json into net.minecraft.world.level.block.RespawnAnchorBlock
[25Jul2025 01:37:10.237] [main/DEBUG] [mixin/]: Mixing gravity.PointedDripstoneBlockMixin from jcraft.mixins.json into net.minecraft.world.level.block.PointedDripstoneBlock
[25Jul2025 01:37:10.284] [main/DEBUG] [mixin/]: Mixing BlockBehaviourMixin from mowziesmobs.mixins.json into net.minecraft.world.level.block.state.BlockBehaviour$Properties
[25Jul2025 01:37:10.555] [main/DEBUG] [mixin/]: Mixing MixinFallingBlockEntity from architectury.mixins.json into net.minecraft.world.entity.item.FallingBlockEntity
[25Jul2025 01:37:11.220] [main/DEBUG] [mixin/]: Mixing gravity.PistonBlockEntityMixin from jcraft.mixins.json into net.minecraft.world.level.block.piston.PistonMovingBlockEntity
[25Jul2025 01:37:11.560] [main/DEBUG] [mixin/]: Mixing AbstractContainerMenuMixin_AzItemIDFix from azurelib.forge.mixins.json into net.minecraft.world.inventory.AbstractContainerMenu
[25Jul2025 01:37:11.675] [main/DEBUG] [mixin/]: Mixing gravity.PersistentProjectileEntityMixin from jcraft.mixins.json into net.minecraft.world.entity.projectile.AbstractArrow
[25Jul2025 01:37:11.762] [main/DEBUG] [mixin/]: Mixing gravity.ProjectileEntityMixin from jcraft.mixins.json into net.minecraft.world.entity.projectile.Projectile
[25Jul2025 01:37:11.795] [main/DEBUG] [mixin/]: Mixing gravity.SnowGolemEntityMixin from jcraft.mixins.json into net.minecraft.world.entity.animal.SnowGolem
[25Jul2025 01:37:11.816] [main/DEBUG] [mixin/]: Mixing MobEntityMixin from jcraft.mixins.json into net.minecraft.world.entity.Mob
[25Jul2025 01:37:11.818] [main/DEBUG] [mixin/]: Mixing gravity.MobEntityMixin from jcraft.mixins.json into net.minecraft.world.entity.Mob
[25Jul2025 01:37:12.070] [main/DEBUG] [net.minecraftforge.coremod.transformer.CoreModBaseTransformer/COREMOD]: Transforming net/minecraft/world/item/ItemStack
[25Jul2025 01:37:12.071] [main/DEBUG] [mixin/]: Mixing ItemStackMixin_AzItemStackIdentityRegistry from azurelib.forge.mixins.json into net.minecraft.world.item.ItemStack
[25Jul2025 01:37:12.074] [main/DEBUG] [mixin/]: Mixing ItemStackMixin from jcraft.mixins.json into net.minecraft.world.item.ItemStack
[25Jul2025 01:37:12.190] [main/DEBUG] [mixin/]: Mixing gravity.WitherEntityMixin from jcraft.mixins.json into net.minecraft.world.entity.boss.wither.WitherBoss
[25Jul2025 01:37:12.191] [main/DEBUG] [mixin/]: Renaming synthetic method lambda$dont_attack_player_stands_in_creative$0(Ljava/util/function/Predicate;Lnet/minecraft/world/entity/LivingEntity;)Z to mdc9bef8$lambda$dont_attack_player_stands_in_creative$0$0 in jcraft.mixins.json:gravity.WitherEntityMixin
[25Jul2025 01:37:12.225] [main/DEBUG] [mixin/]: Mixing AnvilMenuMixin from jcraft.mixins.json into net.minecraft.world.inventory.AnvilMenu
[25Jul2025 01:37:12.508] [main/DEBUG] [mixin/]: Mixing gravity.ShulkerBoxBlockEntityMixin from jcraft.mixins.json into net.minecraft.world.level.block.entity.ShulkerBoxBlockEntity
[25Jul2025 01:37:12.972] [main/DEBUG] [mixin/]: Mixing GrindstoneScreenHandlerMixin from jcraft.mixins.json into net.minecraft.world.inventory.GrindstoneMenu
[25Jul2025 01:37:13.145] [main/DEBUG] [mixin/]: Mixing MixinLightningBolt from architectury-common.mixins.json into net.minecraft.world.entity.LightningBolt
[25Jul2025 01:37:13.264] [main/DEBUG] [net.minecraftforge.coremod.transformer.CoreModBaseTransformer/COREMOD]: Transforming net/minecraft/world/entity/animal/frog/Tadpole
[25Jul2025 01:37:13.322] [main/DEBUG] [mixin/]: Mixing LongUseItemMixin from jcraft.mixins.json into net.minecraft.world.item.BowItem
[25Jul2025 01:37:13.335] [main/DEBUG] [net.minecraftforge.coremod.transformer.CoreModBaseTransformer/COREMOD]: Transforming net/minecraft/world/item/BucketItem
[25Jul2025 01:37:13.335] [main/ERROR] [net.minecraftforge.coremod.transformer.CoreModBaseTransformer/COREMOD]: Error occurred applying transform of coremod coremods/field_to_method.js function bucketitem
java.lang.IllegalStateException: Field f_40687_ is not private and an instance field
	at net.minecraftforge.coremod.api.ASMAPI.redirectFieldToMethod(ASMAPI.java:270) ~[coremods-5.1.6.jar%2354!/:?]
	at org.openjdk.nashorn.internal.scripts.Script$Recompilation$14$1965A$\^eval\_.initializeCoreMod#transformer-4(<eval>:52) ~[?:?]
	at org.openjdk.nashorn.internal.runtime.ScriptFunctionData.invoke(ScriptFunctionData.java:648) ~[nashorn-core-15.3.jar%2366!/:?]
	at org.openjdk.nashorn.internal.runtime.ScriptFunction.invoke(ScriptFunction.java:513) ~[nashorn-core-15.3.jar%2366!/:?]
	at org.openjdk.nashorn.internal.runtime.ScriptRuntime.apply(ScriptRuntime.java:520) ~[nashorn-core-15.3.jar%2366!/:?]
	at org.openjdk.nashorn.api.scripting.ScriptObjectMirror.call(ScriptObjectMirror.java:111) ~[nashorn-core-15.3.jar%2366!/:?]
	at net.minecraftforge.coremod.NashornFactory.lambda$getFunction$0(NashornFactory.java:22) ~[coremods-5.1.6.jar%2354!/:5.1.6]
	at net.minecraftforge.coremod.transformer.CoreModClassTransformer.runCoremod(CoreModClassTransformer.java:22) ~[coremods-5.1.6.jar%2354!/:?]
	at net.minecraftforge.coremod.transformer.CoreModClassTransformer.runCoremod(CoreModClassTransformer.java:14) ~[coremods-5.1.6.jar%2354!/:?]
	at net.minecraftforge.coremod.transformer.CoreModBaseTransformer.transform(CoreModBaseTransformer.java:42) ~[coremods-5.1.6.jar%2354!/:?]
	at cpw.mods.modlauncher.TransformerHolder.transform(TransformerHolder.java:41) ~[modlauncher-10.0.9.jar%2355!/:?]
	at cpw.mods.modlauncher.ClassTransformer.performVote(ClassTransformer.java:179) ~[modlauncher-10.0.9.jar%2355!/:?]
	at cpw.mods.modlauncher.ClassTransformer.transform(ClassTransformer.java:117) ~[modlauncher-10.0.9.jar%2355!/:?]
	at cpw.mods.modlauncher.TransformingClassLoader.maybeTransformClassBytes(TransformingClassLoader.java:50) ~[modlauncher-10.0.9.jar%2355!/:?]
	at cpw.mods.cl.ModuleClassLoader.readerToClass(ModuleClassLoader.java:113) ~[securejarhandler-2.1.10.jar:?]
	at cpw.mods.cl.ModuleClassLoader.lambda$findClass$15(ModuleClassLoader.java:219) ~[securejarhandler-2.1.10.jar:?]
	at cpw.mods.cl.ModuleClassLoader.loadFromModule(ModuleClassLoader.java:229) ~[securejarhandler-2.1.10.jar:?]
	at cpw.mods.cl.ModuleClassLoader.findClass(ModuleClassLoader.java:219) ~[securejarhandler-2.1.10.jar:?]
	at cpw.mods.cl.ModuleClassLoader.loadClass(ModuleClassLoader.java:135) ~[securejarhandler-2.1.10.jar:?]
	at java.lang.ClassLoader.loadClass(ClassLoader.java:525) ~[?:?]
	at net.minecraft.world.level.block.ComposterBlock.m_51988_(ComposterBlock.java:60) ~[server-1.20.1-20230612.114412-srg.jar%23129!/:?]
	at net.minecraft.server.Bootstrap.m_135870_(Bootstrap.java:47) ~[server-1.20.1-20230612.114412-srg.jar%23129!/:?]
	at net.minecraft.server.Main.main(Main.java:121) ~[server-1.20.1-20230612.114412-srg.jar%23129!/:?]
	at jdk.internal.reflect.NativeMethodAccessorImpl.invoke0(Native Method) ~[?:?]
	at jdk.internal.reflect.NativeMethodAccessorImpl.invoke(NativeMethodAccessorImpl.java:77) ~[?:?]
	at jdk.internal.reflect.DelegatingMethodAccessorImpl.invoke(DelegatingMethodAccessorImpl.java:43) ~[?:?]
	at java.lang.reflect.Method.invoke(Method.java:569) ~[?:?]
	at net.minecraftforge.fml.loading.targets.CommonLaunchHandler.runTarget(CommonLaunchHandler.java:111) ~[fmlloader-1.20.1-47.3.7.jar%2369!/:?]
	at net.minecraftforge.fml.loading.targets.CommonLaunchHandler.serverService(CommonLaunchHandler.java:103) ~[fmlloader-1.20.1-47.3.7.jar%2369!/:?]
	at net.minecraftforge.fml.loading.targets.CommonServerLaunchHandler.lambda$makeService$0(CommonServerLaunchHandler.java:27) ~[fmlloader-1.20.1-47.3.7.jar%2369!/:?]
	at cpw.mods.modlauncher.LaunchServiceHandlerDecorator.launch(LaunchServiceHandlerDecorator.java:30) ~[modlauncher-10.0.9.jar%2355!/:?]
	at cpw.mods.modlauncher.LaunchServiceHandler.launch(LaunchServiceHandler.java:53) ~[modlauncher-10.0.9.jar%2355!/:?]
	at cpw.mods.modlauncher.LaunchServiceHandler.launch(LaunchServiceHandler.java:71) ~[modlauncher-10.0.9.jar%2355!/:?]
	at cpw.mods.modlauncher.Launcher.run(Launcher.java:108) ~[modlauncher-10.0.9.jar%2355!/:?]
	at cpw.mods.modlauncher.Launcher.main(Launcher.java:78) ~[modlauncher-10.0.9.jar%2355!/:?]
	at cpw.mods.modlauncher.BootstrapLaunchConsumer.accept(BootstrapLaunchConsumer.java:26) ~[modlauncher-10.0.9.jar%2355!/:?]
	at cpw.mods.modlauncher.BootstrapLaunchConsumer.accept(BootstrapLaunchConsumer.java:23) ~[modlauncher-10.0.9.jar%2355!/:?]
	at cpw.mods.bootstraplauncher.BootstrapLauncher.main(BootstrapLauncher.java:141) ~[bootstraplauncher-1.1.2.jar:?]
[25Jul2025 01:37:13.341] [main/DEBUG] [mixin/]: Mixing inject.MixinBucketItem from architectury-common.mixins.json into net.minecraft.world.item.BucketItem
[25Jul2025 01:37:13.360] [main/DEBUG] [mixin/]: Mixing gravity.ExperienceBottleItemMixin from jcraft.mixins.json into net.minecraft.world.item.ExperienceBottleItem
[25Jul2025 01:37:13.398] [main/DEBUG] [mixin/]: Mixing gravity.ThrowablePotionItemMixin from jcraft.mixins.json into net.minecraft.world.item.ThrowablePotionItem
[25Jul2025 01:37:13.410] [main/DEBUG] [mixin/]: Mixing LongUseItemMixin from jcraft.mixins.json into net.minecraft.world.item.TridentItem
[25Jul2025 01:37:13.418] [main/DEBUG] [mixin/]: Mixing LongUseItemMixin from jcraft.mixins.json into net.minecraft.world.item.CrossbowItem
[25Jul2025 01:37:13.420] [main/DEBUG] [mixin/]: Mixing gravity.CrossbowItemMixin from jcraft.mixins.json into net.minecraft.world.item.CrossbowItem
[25Jul2025 01:37:13.458] [main/DEBUG] [mixin/]: Mixing inject.MixinItemProperties from architectury-common.mixins.json into net.minecraft.world.item.Item$Properties
[25Jul2025 01:37:14.809] [main/DEBUG] [mixin/]: Mixing gravity.AreaEffectCloudEntityMixin from jcraft.mixins.json into net.minecraft.world.entity.AreaEffectCloud
[25Jul2025 01:37:14.835] [main/DEBUG] [mixin/]: Mixing gravity.LookControlMixin from jcraft.mixins.json into net.minecraft.world.entity.ai.control.LookControl
[25Jul2025 01:37:14.860] [main/DEBUG] [mixin/]: Mixing RandomStrollGoalMixin from jcraft.mixins.json into net.minecraft.world.entity.ai.goal.RandomStrollGoal
[25Jul2025 01:37:14.866] [main/DEBUG] [mixin/]: Mixing gravity.LookAtEntityGoalMixin from jcraft.mixins.json into net.minecraft.world.entity.ai.goal.LookAtPlayerGoal
[25Jul2025 01:37:14.915] [main/DEBUG] [net.minecraftforge.coremod.transformer.CoreModBaseTransformer/COREMOD]: Transforming net/minecraft/world/entity/monster/Spider
[25Jul2025 01:37:14.938] [main/DEBUG] [mixin/]: Mixing gravity.AbstractSkeletonEntityMixin from jcraft.mixins.json into net.minecraft.world.entity.monster.AbstractSkeleton
[25Jul2025 01:37:14.977] [main/DEBUG] [mixin/]: Mixing gravity.DrownedEntityMixin from jcraft.mixins.json into net.minecraft.world.entity.monster.Drowned
[25Jul2025 01:37:14.978] [main/DEBUG] [net.minecraftforge.coremod.transformer.CoreModBaseTransformer/COREMOD]: Transforming net/minecraft/world/entity/monster/Zombie
[25Jul2025 01:37:15.086] [main/DEBUG] [net.minecraftforge.coremod.transformer.CoreModBaseTransformer/COREMOD]: Transforming net/minecraft/world/entity/monster/Zombie
[25Jul2025 01:37:15.183] [main/DEBUG] [net.minecraftforge.coremod.transformer.CoreModBaseTransformer/COREMOD]: Transforming net/minecraft/world/entity/monster/ZombieVillager
[25Jul2025 01:37:15.256] [main/DEBUG] [mixin/]: Mixing gravity.ThrownEntityMixin from jcraft.mixins.json into net.minecraft.world.entity.projectile.ThrowableProjectile
[25Jul2025 01:37:15.284] [main/DEBUG] [mixin/]: Mixing EndCrystalEntityMixin from jcraft.mixins.json into net.minecraft.world.entity.boss.enderdragon.EndCrystal
[25Jul2025 01:37:15.298] [main/DEBUG] [mixin/]: Mixing gravity.EndermanEntityMixin from jcraft.mixins.json into net.minecraft.world.entity.monster.EnderMan
[25Jul2025 01:37:15.315] [main/DEBUG] [mixin/]: Mixing gravity.EndermanEntity$ChasePlayerGoalMixin from jcraft.mixins.json into net.minecraft.world.entity.monster.EnderMan$EndermanFreezeWhenLookedAt
[25Jul2025 01:37:15.333] [main/DEBUG] [net.minecraftforge.coremod.transformer.CoreModBaseTransformer/COREMOD]: Transforming net/minecraft/world/entity/monster/Evoker$EvokerSummonSpellGoal
[25Jul2025 01:37:15.360] [main/DEBUG] [mixin/]: Mixing gravity.ItemUsageContextMixin from jcraft.mixins.json into net.minecraft.world.item.context.UseOnContext
[25Jul2025 01:37:15.365] [main/DEBUG] [mixin/]: Mixing gravity.FireworkRocketEntityMixin from jcraft.mixins.json into net.minecraft.world.entity.projectile.FireworkRocketEntity
[25Jul2025 01:37:15.413] [main/DEBUG] [mixin/]: Mixing gravity.IllusionerEntityMixin from jcraft.mixins.json into net.minecraft.world.entity.monster.Illusioner
[25Jul2025 01:37:15.576] [main/DEBUG] [mixin/]: Mixing gravity.PiglinEntityMixin from jcraft.mixins.json into net.minecraft.world.entity.monster.piglin.Piglin
[25Jul2025 01:37:15.601] [main/DEBUG] [mixin/]: Mixing gravity.PillagerEntityMixin from jcraft.mixins.json into net.minecraft.world.entity.monster.Pillager
[25Jul2025 01:37:15.627] [main/DEBUG] [mixin/]: Mixing gravity.ShulkerEntityMixin from jcraft.mixins.json into net.minecraft.world.entity.monster.Shulker
[25Jul2025 01:37:15.650] [main/DEBUG] [net.minecraftforge.coremod.transformer.CoreModBaseTransformer/COREMOD]: Transforming net/minecraft/world/entity/animal/horse/SkeletonTrapGoal
[25Jul2025 01:37:15.685] [main/DEBUG] [mixin/]: Mixing BaseSpawnerMixin from jcraft.mixins.json into net.minecraft.world.level.BaseSpawner
[25Jul2025 01:37:15.693] [main/DEBUG] [net.minecraftforge.coremod.transformer.CoreModBaseTransformer/COREMOD]: Transforming net/minecraft/world/entity/monster/Strider
[25Jul2025 01:37:15.859] [main/DEBUG] [mixin/]: Mixing MixinServerPlayer from xaerohud.mixins.json into net.minecraft.server.level.ServerPlayer
[25Jul2025 01:37:15.862] [main/DEBUG] [mixin/]: Mixing ServerPlayerEntityMixin from jcraft.mixins.json into net.minecraft.server.level.ServerPlayer
[25Jul2025 01:37:15.865] [main/DEBUG] [mixin/]: Mixing gravity.ServerPlayerEntityMixin from jcraft.mixins.json into net.minecraft.server.level.ServerPlayer
[25Jul2025 01:37:15.866] [main/DEBUG] [mixin/]: Mixing ServerPlayerEntityMixin from jcraft-forge.mixins.json into net.minecraft.server.level.ServerPlayer
[25Jul2025 01:37:15.866] [main/DEBUG] [mixin/]: jcraft-forge.mixins.json:ServerPlayerEntityMixin: Class version 61 required is higher than the class version supported by the current version of Mixin (JAVA_8 supports class version 52)
[25Jul2025 01:37:15.866] [main/DEBUG] [mixin/]: Mixing gravity.ServerPlayerEntityMixin from jcraft-forge.mixins.json into net.minecraft.server.level.ServerPlayer
[25Jul2025 01:37:15.866] [main/DEBUG] [mixin/]: jcraft-forge.mixins.json:gravity.ServerPlayerEntityMixin: Class version 61 required is higher than the class version supported by the current version of Mixin (JAVA_8 supports class version 52)
[25Jul2025 01:37:15.941] [main/DEBUG] [mixin/]: Mixing TimestopBlockEntityMixin from jcraft.mixins.json into net.minecraft.world.level.chunk.LevelChunk
[25Jul2025 01:37:15.967] [main/DEBUG] [net.minecraftforge.coremod.transformer.CoreModBaseTransformer/COREMOD]: Transforming net/minecraft/world/entity/npc/Villager
[25Jul2025 01:37:16.097] [main/DEBUG] [mixin/]: Mixing VillagerEntityMixin from jcraft.mixins.json into net.minecraft.world.entity.npc.Villager
[25Jul2025 01:37:16.112] [main/DEBUG] [mixin/]: Mixing gravity.WitchEntityMixin from jcraft.mixins.json into net.minecraft.world.entity.monster.Witch
[25Jul2025 01:37:16.135] [main/DEBUG] [mixin/]: Mixing gravity.WolfBegGoalMixin from jcraft.mixins.json into net.minecraft.world.entity.ai.goal.BegGoal
[25Jul2025 01:37:16.144] [main/DEBUG] [mixin/]: Mixing gravity.FishingBobberEntityMixin from jcraft.mixins.json into net.minecraft.world.entity.projectile.FishingHook
[25Jul2025 01:37:16.168] [main/DEBUG] [mixin/]: Mixing inject.MixinFoodPropertiesBuilder from architectury-common.mixins.json into net.minecraft.world.food.FoodProperties$Builder
[25Jul2025 01:37:16.172] [main/DEBUG] [net.minecraftforge.coremod.transformer.CoreModBaseTransformer/COREMOD]: Transforming net/minecraft/world/effect/MobEffectInstance
[25Jul2025 01:37:16.210] [main/DEBUG] [mixin/]: Mixing ServerPlayNetworkHandlerMixin from jcraft.mixins.json into net.minecraft.server.network.ServerGamePacketListenerImpl
[25Jul2025 01:37:16.210] [main/DEBUG] [mixin/]: Mixing gravity.ServerPlayNetworkHandlerMixin from jcraft.mixins.json into net.minecraft.server.network.ServerGamePacketListenerImpl
[25Jul2025 01:37:16.254] [main/DEBUG] [mixin/]: Mixing EntitySelectorOptionsMixin from jcraft.mixins.json into net.minecraft.commands.arguments.selector.options.EntitySelectorOptions
[25Jul2025 01:37:16.255] [main/DEBUG] [mixin/]: Renaming synthetic method lambda$registerJCraftOptions$0(Ljava/lang/String;Lnet/minecraft/commands/arguments/selector/options/EntitySelectorOptions$Modifier;Ljava/util/function/Predicate;Lnet/minecraft/network/chat/Component;)V to mdc9bef8$lambda$registerJCraftOptions$0$0 in jcraft.mixins.json:EntitySelectorOptionsMixin
[25Jul2025 01:37:16.358] [main/DEBUG] [mixin/]: Mixing LightingProviderAccessor from jcraft.mixins.json into net.minecraft.world.level.lighting.LevelLightEngine
[25Jul2025 01:37:16.403] [main/DEBUG] [mixin/]: Mixing GrindstoneScreenHandlerAnon2and3Mixin from jcraft.mixins.json into net.minecraft.world.inventory.GrindstoneMenu$2
[25Jul2025 01:37:16.405] [main/DEBUG] [mixin/]: Mixing GrindstoneScreenHandlerAnon2and3Mixin from jcraft.mixins.json into net.minecraft.world.inventory.GrindstoneMenu$3
[25Jul2025 01:37:16.818] [main/DEBUG] [net.minecraftforge.coremod.transformer.CoreModBaseTransformer/COREMOD]: Transforming net/minecraft/world/level/levelgen/structure/Structure
[25Jul2025 01:37:16.863] [main/DEBUG] [net.minecraftforge.coremod.transformer.CoreModBaseTransformer/COREMOD]: Transforming net/minecraft/world/level/levelgen/structure/structures/OceanRuinPieces$OceanRuinPiece
[25Jul2025 01:37:16.892] [main/DEBUG] [net.minecraftforge.coremod.transformer.CoreModBaseTransformer/COREMOD]: Transforming net/minecraft/world/level/levelgen/structure/structures/SwampHutPiece
[25Jul2025 01:37:16.910] [main/DEBUG] [net.minecraftforge.coremod.transformer.CoreModBaseTransformer/COREMOD]: Transforming net/minecraft/world/level/levelgen/structure/structures/OceanMonumentPieces$OceanMonumentPiece
[25Jul2025 01:37:16.940] [main/DEBUG] [net.minecraftforge.coremod.transformer.CoreModBaseTransformer/COREMOD]: Transforming net/minecraft/world/level/levelgen/structure/structures/WoodlandMansionPieces$WoodlandMansionPiece
[25Jul2025 01:37:17.123] [main/DEBUG] [mixin/]: Mixing MixinBiomeSource from terrablender.mixins.json into net.minecraft.world.level.biome.BiomeSource
[25Jul2025 01:37:17.124] [main/DEBUG] [mixin/]: Renaming synthetic method lambda$appendDeferredBiomesList$0(Lcom/google/common/collect/ImmutableList;)Ljava/util/Set; to mdc9bef8$lambda$appendDeferredBiomesList$0$0 in terrablender.mixins.json:MixinBiomeSource
[25Jul2025 01:37:17.136] [main/DEBUG] [net.minecraftforge.coremod.transformer.CoreModBaseTransformer/COREMOD]: Transforming net/minecraft/world/level/biome/Biome
[25Jul2025 01:37:17.185] [main/DEBUG] [mixin/]: Mixing MixinMultiNoiseBiomeSource from terrablender.mixins.json into net.minecraft.world.level.biome.MultiNoiseBiomeSource
[25Jul2025 01:37:17.188] [main/DEBUG] [mixin/]: Mixing MixinParameterList from terrablender.mixins.json into net.minecraft.world.level.biome.Climate$ParameterList
[25Jul2025 01:37:17.189] [main/DEBUG] [mixin/]: Renaming synthetic method lambda$initializeForTerraBlender$0(Lnet/minecraft/core/Registry;Lcom/google/common/collect/ImmutableList$Builder;Lcom/mojang/datafixers/util/Pair;)V to mdc9bef8$lambda$initializeForTerraBlender$0$0 in terrablender.mixins.json:MixinParameterList
[25Jul2025 01:37:17.218] [main/DEBUG] [mixin/]: Mixing MixinNoiseGeneratorSettings from terrablender.mixins.json into net.minecraft.world.level.levelgen.NoiseGeneratorSettings
[25Jul2025 01:37:17.527] [main/DEBUG] [net.minecraftforge.common.ForgeI18n/CORE]: Loading I18N data entries: 6430
[25Jul2025 01:37:17.565] [main/DEBUG] [net.minecraftforge.fml.ModWorkManager/LOADING]: Using 2 threads for parallel mod-loading
[25Jul2025 01:37:17.573] [main/DEBUG] [net.minecraftforge.fml.javafmlmod.FMLJavaModLanguageProvider/LOADING]: Loading FMLModContainer from classloader cpw.mods.modlauncher.TransformingClassLoader@58606c91 - got cpw.mods.cl.ModuleClassLoader@69c6161d
[25Jul2025 01:37:17.573] [main/DEBUG] [net.minecraftforge.fml.javafmlmod.FMLModContainer/LOADING]: Creating FMLModContainer instance for com.llamalad7.mixinextras.platform.forge.MixinExtrasMod
[25Jul2025 01:37:17.578] [main/DEBUG] [net.minecraftforge.fml.javafmlmod.FMLJavaModLanguageProvider/LOADING]: Loading FMLModContainer from classloader cpw.mods.modlauncher.TransformingClassLoader@58606c91 - got cpw.mods.cl.ModuleClassLoader@69c6161d
[25Jul2025 01:37:17.578] [main/DEBUG] [net.minecraftforge.fml.javafmlmod.FMLModContainer/LOADING]: Creating FMLModContainer instance for com.bobmowzie.mowziesmobs.MowziesMobs
[25Jul2025 01:37:17.579] [main/DEBUG] [net.minecraftforge.fml.javafmlmod.FMLJavaModLanguageProvider/LOADING]: Loading FMLModContainer from classloader cpw.mods.modlauncher.TransformingClassLoader@58606c91 - got cpw.mods.cl.ModuleClassLoader@69c6161d
[25Jul2025 01:37:17.579] [main/DEBUG] [net.minecraftforge.fml.javafmlmod.FMLModContainer/LOADING]: Creating FMLModContainer instance for terrablender.core.TerraBlenderForge
[25Jul2025 01:37:17.580] [main/DEBUG] [net.minecraftforge.fml.javafmlmod.FMLJavaModLanguageProvider/LOADING]: Loading FMLModContainer from classloader cpw.mods.modlauncher.TransformingClassLoader@58606c91 - got cpw.mods.cl.ModuleClassLoader@69c6161d
[25Jul2025 01:37:17.580] [main/DEBUG] [net.minecraftforge.fml.javafmlmod.FMLModContainer/LOADING]: Creating FMLModContainer instance for software.bernie.example.GeckoLibMod
[25Jul2025 01:37:17.581] [main/DEBUG] [net.minecraftforge.fml.javafmlmod.FMLJavaModLanguageProvider/LOADING]: Loading FMLModContainer from classloader cpw.mods.modlauncher.TransformingClassLoader@58606c91 - got cpw.mods.cl.ModuleClassLoader@69c6161d
[25Jul2025 01:37:17.581] [main/DEBUG] [net.minecraftforge.fml.javafmlmod.FMLModContainer/LOADING]: Creating FMLModContainer instance for dev.architectury.forge.ArchitecturyForge
[25Jul2025 01:37:17.581] [main/DEBUG] [net.minecraftforge.fml.javafmlmod.FMLJavaModLanguageProvider/LOADING]: Loading FMLModContainer from classloader cpw.mods.modlauncher.TransformingClassLoader@58606c91 - got cpw.mods.cl.ModuleClassLoader@69c6161d
[25Jul2025 01:37:17.581] [main/DEBUG] [net.minecraftforge.fml.javafmlmod.FMLModContainer/LOADING]: Creating FMLModContainer instance for dev.kosmx.playerAnim.forge.ForgeModInterface
[25Jul2025 01:37:17.582] [main/DEBUG] [net.minecraftforge.fml.javafmlmod.FMLJavaModLanguageProvider/LOADING]: Loading FMLModContainer from classloader cpw.mods.modlauncher.TransformingClassLoader@58606c91 - got cpw.mods.cl.ModuleClassLoader@69c6161d
[25Jul2025 01:37:17.582] [main/DEBUG] [net.minecraftforge.fml.javafmlmod.FMLModContainer/LOADING]: Creating FMLModContainer instance for io.github.xsmalldeadguyx.elementalcreepers.common.ElementalCreepers
[25Jul2025 01:37:17.583] [main/DEBUG] [net.minecraftforge.fml.javafmlmod.FMLJavaModLanguageProvider/LOADING]: Loading FMLModContainer from classloader cpw.mods.modlauncher.TransformingClassLoader@58606c91 - got cpw.mods.cl.ModuleClassLoader@69c6161d
[25Jul2025 01:37:17.584] [main/DEBUG] [net.minecraftforge.fml.javafmlmod.FMLModContainer/LOADING]: Creating FMLModContainer instance for mezz.jei.forge.JustEnoughItems
[25Jul2025 01:37:17.584] [main/DEBUG] [net.minecraftforge.fml.javafmlmod.FMLJavaModLanguageProvider/LOADING]: Loading FMLModContainer from classloader cpw.mods.modlauncher.TransformingClassLoader@58606c91 - got cpw.mods.cl.ModuleClassLoader@69c6161d
[25Jul2025 01:37:17.584] [main/DEBUG] [net.minecraftforge.fml.javafmlmod.FMLModContainer/LOADING]: Creating FMLModContainer instance for mod.azure.azurelib.NeoForgeAzureLibMod
[25Jul2025 01:37:17.585] [main/DEBUG] [net.minecraftforge.fml.javafmlmod.FMLJavaModLanguageProvider/LOADING]: Loading FMLModContainer from classloader cpw.mods.modlauncher.TransformingClassLoader@58606c91 - got cpw.mods.cl.ModuleClassLoader@69c6161d
[25Jul2025 01:37:17.585] [main/DEBUG] [net.minecraftforge.fml.javafmlmod.FMLModContainer/LOADING]: Creating FMLModContainer instance for me.shedaniel.clothconfig.ClothConfigForge
[25Jul2025 01:37:17.586] [main/DEBUG] [net.minecraftforge.fml.javafmlmod.FMLJavaModLanguageProvider/LOADING]: Loading FMLModContainer from classloader cpw.mods.modlauncher.TransformingClassLoader@58606c91 - got cpw.mods.cl.ModuleClassLoader@69c6161d
[25Jul2025 01:37:17.586] [main/DEBUG] [net.minecraftforge.fml.javafmlmod.FMLModContainer/LOADING]: Creating FMLModContainer instance for net.minecraftforge.common.ForgeMod
[25Jul2025 01:37:17.588] [main/DEBUG] [net.minecraftforge.fml.javafmlmod.FMLJavaModLanguageProvider/LOADING]: Loading FMLModContainer from classloader cpw.mods.modlauncher.TransformingClassLoader@58606c91 - got cpw.mods.cl.ModuleClassLoader@69c6161d
[25Jul2025 01:37:17.588] [main/DEBUG] [net.minecraftforge.fml.javafmlmod.FMLModContainer/LOADING]: Creating FMLModContainer instance for luckytnt.LuckyTNTMod
[25Jul2025 01:37:17.589] [main/DEBUG] [net.minecraftforge.fml.javafmlmod.FMLJavaModLanguageProvider/LOADING]: Loading FMLModContainer from classloader cpw.mods.modlauncher.TransformingClassLoader@58606c91 - got cpw.mods.cl.ModuleClassLoader@69c6161d
[25Jul2025 01:37:17.589] [main/DEBUG] [net.minecraftforge.fml.javafmlmod.FMLModContainer/LOADING]: Creating FMLModContainer instance for xaero.minimap.XaeroMinimapForge
[25Jul2025 01:37:17.592] [main/DEBUG] [net.minecraftforge.fml.javafmlmod.FMLJavaModLanguageProvider/LOADING]: Loading FMLModContainer from classloader cpw.mods.modlauncher.TransformingClassLoader@58606c91 - got cpw.mods.cl.ModuleClassLoader@69c6161d
[25Jul2025 01:37:17.592] [main/DEBUG] [net.minecraftforge.fml.javafmlmod.FMLModContainer/LOADING]: Creating FMLModContainer instance for luckytntlib.LuckyTNTLib
[25Jul2025 01:37:17.592] [main/DEBUG] [net.minecraftforge.fml.javafmlmod.FMLJavaModLanguageProvider/LOADING]: Loading FMLModContainer from classloader cpw.mods.modlauncher.TransformingClassLoader@58606c91 - got cpw.mods.cl.ModuleClassLoader@69c6161d
[25Jul2025 01:37:17.592] [main/DEBUG] [net.minecraftforge.fml.javafmlmod.FMLModContainer/LOADING]: Creating FMLModContainer instance for net.arna.jcraft.forge.JCraftForge
[25Jul2025 01:37:17.593] [main/DEBUG] [net.minecraftforge.fml.javafmlmod.FMLJavaModLanguageProvider/LOADING]: Loading FMLModContainer from classloader cpw.mods.modlauncher.TransformingClassLoader@58606c91 - got cpw.mods.cl.ModuleClassLoader@69c6161d
[25Jul2025 01:37:17.593] [main/DEBUG] [net.minecraftforge.fml.javafmlmod.FMLModContainer/LOADING]: Creating FMLModContainer instance for dhyces.trimmed.ForgeTrimmed
[25Jul2025 01:37:17.594] [main/DEBUG] [net.minecraftforge.fml.javafmlmod.FMLJavaModLanguageProvider/LOADING]: Loading FMLModContainer from classloader cpw.mods.modlauncher.TransformingClassLoader@58606c91 - got cpw.mods.cl.ModuleClassLoader@69c6161d
[25Jul2025 01:37:17.594] [main/DEBUG] [net.minecraftforge.fml.javafmlmod.FMLModContainer/LOADING]: Creating FMLModContainer instance for net.aurelj.dungeons_arise.DungeonsAriseMain
[25Jul2025 01:37:17.611] [modloading-worker-0/DEBUG] [net.minecraftforge.fml.javafmlmod.AutomaticEventSubscriber/LOADING]: Attempting to inject @EventBusSubscriber classes into the eventbus for mixinextras
[25Jul2025 01:37:17.652] [modloading-worker-0/DEBUG] [net.minecraftforge.fml.javafmlmod.AutomaticEventSubscriber/LOADING]: Attempting to inject @EventBusSubscriber classes into the eventbus for terrablender
[25Jul2025 01:37:17.657] [modloading-worker-0/DEBUG] [net.minecraftforge.fml.javafmlmod.AutomaticEventSubscriber/LOADING]: Auto-subscribing terrablender.handler.InitializationHandler to FORGE
[25Jul2025 01:37:17.690] [modloading-worker-0/DEBUG] [net.minecraftforge.fml.javafmlmod.AutomaticEventSubscriber/LOADING]: Attempting to inject @EventBusSubscriber classes into the eventbus for geckolib
[25Jul2025 01:37:17.691] [modloading-worker-0/DEBUG] [net.minecraftforge.fml.javafmlmod.AutomaticEventSubscriber/LOADING]: Auto-subscribing software.bernie.example.GeckoLibMod to FORGE
[25Jul2025 01:37:17.691] [modloading-worker-0/DEBUG] [net.minecraftforge.fml.javafmlmod.AutomaticEventSubscriber/LOADING]: Auto-subscribing software.bernie.example.CommonListener to MOD
[25Jul2025 01:37:17.744] [modloading-worker-0/DEBUG] [mixin/]: Mixing MixinLevelEvent from architectury.mixins.json into net.minecraftforge.event.level.LevelEvent
[25Jul2025 01:37:17.856] [modloading-worker-0/DEBUG] [mixin/]: Mixing ExplosionMixin from jcraft.mixins.json into net.minecraft.world.level.Explosion
[25Jul2025 01:37:17.862] [modloading-worker-0/DEBUG] [mixin/]: Mixing gravity.ExplosionMixin from jcraft.mixins.json into net.minecraft.world.level.Explosion
[25Jul2025 01:37:17.922] [modloading-worker-0/DEBUG] [net.minecraftforge.fml.javafmlmod.AutomaticEventSubscriber/LOADING]: Attempting to inject @EventBusSubscriber classes into the eventbus for architectury
[25Jul2025 01:37:17.922] [modloading-worker-0/DEBUG] [net.minecraftforge.fml.javafmlmod.AutomaticEventSubscriber/LOADING]: Auto-subscribing dev.architectury.registry.level.entity.trade.forge.TradeRegistryImpl to FORGE
[25Jul2025 01:37:17.930] [modloading-worker-0/DEBUG] [net.minecraftforge.fml.javafmlmod.AutomaticEventSubscriber/LOADING]: Auto-subscribing dev.architectury.registry.forge.ReloadListenerRegistryImpl to FORGE
[25Jul2025 01:37:17.938] [modloading-worker-0/DEBUG] [mixin/]: Mixing ReloadableServerResourcesMixin from jcraft.mixins.json into net.minecraft.server.ReloadableServerResources
[25Jul2025 01:37:17.948] [modloading-worker-0/DEBUG] [net.minecraftforge.fml.javafmlmod.AutomaticEventSubscriber/LOADING]: Auto-subscribing dev.architectury.networking.forge.NetworkManagerImpl to FORGE
[25Jul2025 01:37:17.962] [modloading-worker-0/INFO] [dev.architectury.networking.forge.NetworkManagerImpl/]: Registering C2S receiver with id architectury:sync_ids
[25Jul2025 01:37:17.969] [modloading-worker-0/DEBUG] [net.minecraftforge.fml.javafmlmod.AutomaticEventSubscriber/LOADING]: Attempting to inject @EventBusSubscriber classes into the eventbus for playeranimator
[25Jul2025 01:37:18.132] [modloading-worker-0/DEBUG] [net.minecraftforge.fml.config.ConfigTracker/CONFIG]: Config file mowziesmobs-common.toml for mowziesmobs tracking
[25Jul2025 01:37:18.225] [modloading-worker-0/DEBUG] [net.minecraftforge.fml.javafmlmod.AutomaticEventSubscriber/LOADING]: Attempting to inject @EventBusSubscriber classes into the eventbus for mowziesmobs
[25Jul2025 01:37:18.225] [modloading-worker-0/DEBUG] [net.minecraftforge.fml.javafmlmod.AutomaticEventSubscriber/LOADING]: Auto-subscribing com.bobmowzie.mowziesmobs.server.sound.MMSounds to FORGE
[25Jul2025 01:37:18.225] [modloading-worker-0/DEBUG] [net.minecraftforge.fml.javafmlmod.AutomaticEventSubscriber/LOADING]: Auto-subscribing com.bobmowzie.mowziesmobs.server.inventory.ContainerHandler to MOD
[25Jul2025 01:37:18.225] [modloading-worker-0/DEBUG] [net.minecraftforge.fml.javafmlmod.AutomaticEventSubscriber/LOADING]: Auto-subscribing com.bobmowzie.mowziesmobs.server.entity.EntityHandler to MOD
[25Jul2025 01:37:18.226] [modloading-worker-0/DEBUG] [net.minecraftforge.fml.javafmlmod.AutomaticEventSubscriber/LOADING]: Auto-subscribing com.bobmowzie.mowziesmobs.server.config.ConfigHandler to MOD
[25Jul2025 01:37:18.226] [modloading-worker-0/DEBUG] [net.minecraftforge.fml.javafmlmod.AutomaticEventSubscriber/LOADING]: Auto-subscribing com.bobmowzie.mowziesmobs.MowziesMobs to FORGE
[25Jul2025 01:37:18.226] [modloading-worker-0/DEBUG] [net.minecraftforge.fml.javafmlmod.AutomaticEventSubscriber/LOADING]: Auto-subscribing com.bobmowzie.mowziesmobs.datagen.DataGenerators to MOD
[25Jul2025 01:37:18.245] [modloading-worker-0/DEBUG] [net.minecraftforge.fml.config.ConfigTracker/CONFIG]: Config file jei-server.toml for jei tracking
[25Jul2025 01:37:18.253] [modloading-worker-0/DEBUG] [net.minecraftforge.fml.javafmlmod.AutomaticEventSubscriber/LOADING]: Attempting to inject @EventBusSubscriber classes into the eventbus for jei
[25Jul2025 01:37:18.380] [modloading-worker-0/DEBUG] [net.minecraftforge.fml.config.ConfigTracker/CONFIG]: Config file elementalcreepers-common.toml for elementalcreepers tracking
[25Jul2025 01:37:18.380] [modloading-worker-0/DEBUG] [net.minecraftforge.fml.javafmlmod.AutomaticEventSubscriber/LOADING]: Attempting to inject @EventBusSubscriber classes into the eventbus for elementalcreepers
[25Jul2025 01:37:18.380] [modloading-worker-0/DEBUG] [net.minecraftforge.fml.javafmlmod.AutomaticEventSubscriber/LOADING]: Auto-subscribing io.github.xsmalldeadguyx.elementalcreepers.common.Config to MOD
[25Jul2025 01:37:18.384] [modloading-worker-0/DEBUG] [net.minecraftforge.fml.javafmlmod.AutomaticEventSubscriber/LOADING]: Attempting to inject @EventBusSubscriber classes into the eventbus for cloth_config
[25Jul2025 01:37:18.407] [modloading-worker-0/DEBUG] [net.minecraftforge.versions.forge.ForgeVersion/CORE]: Forge Version package package net.minecraftforge.versions.forge, Forge, version 47.3 from cpw.mods.modlauncher.TransformingClassLoader@58606c91
[25Jul2025 01:37:18.408] [modloading-worker-0/DEBUG] [net.minecraftforge.versions.forge.ForgeVersion/CORE]: Found Forge version 47.3.7
[25Jul2025 01:37:18.408] [modloading-worker-0/DEBUG] [net.minecraftforge.versions.forge.ForgeVersion/CORE]: Found Forge spec 47.3
[25Jul2025 01:37:18.408] [modloading-worker-0/DEBUG] [net.minecraftforge.versions.forge.ForgeVersion/CORE]: Found Forge group net.minecraftforge
[25Jul2025 01:37:18.409] [modloading-worker-0/DEBUG] [net.minecraftforge.versions.mcp.MCPVersion/CORE]: MCP Version package package net.minecraftforge.versions.mcp, Minecraft, version 1.20.1 from cpw.mods.modlauncher.TransformingClassLoader@58606c91
[25Jul2025 01:37:18.409] [modloading-worker-0/DEBUG] [net.minecraftforge.versions.mcp.MCPVersion/CORE]: Found MC version information 1.20.1
[25Jul2025 01:37:18.409] [modloading-worker-0/DEBUG] [net.minecraftforge.versions.mcp.MCPVersion/CORE]: Found MCP version information 20230612.114412
[25Jul2025 01:37:18.409] [modloading-worker-0/INFO] [net.minecraftforge.common.ForgeMod/FORGEMOD]: Forge mod loading, version 47.3.7, for MC 1.20.1 with MCP 20230612.114412
[25Jul2025 01:37:18.411] [modloading-worker-0/DEBUG] [azurelib/IO]: Starting processing of config azurelib
[25Jul2025 01:37:18.411] [modloading-worker-0/INFO] [net.minecraftforge.common.MinecraftForge/FORGE]: MinecraftForge v47.3.7 Initialized
[25Jul2025 01:37:18.412] [modloading-worker-0/DEBUG] [azurelib/IO]: Reading config azurelib
[25Jul2025 01:37:18.417] [modloading-worker-0/DEBUG] [azurelib/IO]: Writing config azurelib
[25Jul2025 01:37:18.422] [modloading-worker-0/DEBUG] [azurelib/IO]: Processing of config azurelib has finished
[25Jul2025 01:37:18.425] [modloading-worker-0/INFO] [azurelib/FileWatching]: Registered azurelib config for auto-sync function
[25Jul2025 01:37:18.434] [modloading-worker-0/DEBUG] [net.minecraftforge.fml.javafmlmod.AutomaticEventSubscriber/LOADING]: Attempting to inject @EventBusSubscriber classes into the eventbus for azurelib
[25Jul2025 01:37:18.435] [modloading-worker-0/DEBUG] [net.minecraftforge.fml.javafmlmod.AutomaticEventSubscriber/LOADING]: Auto-subscribing mod.azure.azurelib.NeoForgeAzureLibMod to FORGE
[25Jul2025 01:37:18.452] [modloading-worker-0/DEBUG] [net.minecraftforge.fml.config.ConfigTracker/CONFIG]: Config file luckytntmod-common.toml for luckytntmod tracking
[25Jul2025 01:37:18.452] [modloading-worker-0/DEBUG] [net.minecraftforge.fml.javafmlmod.AutomaticEventSubscriber/LOADING]: Attempting to inject @EventBusSubscriber classes into the eventbus for luckytntmod
[25Jul2025 01:37:18.452] [modloading-worker-0/DEBUG] [net.minecraftforge.fml.javafmlmod.AutomaticEventSubscriber/LOADING]: Auto-subscribing luckytnt.registry.SoundRegistry to MOD
[25Jul2025 01:37:18.453] [modloading-worker-0/DEBUG] [net.minecraftforge.fml.javafmlmod.AutomaticEventSubscriber/LOADING]: Auto-subscribing luckytnt.registry.LuckyTNTTabs to MOD
[25Jul2025 01:37:18.455] [modloading-worker-0/DEBUG] [net.minecraftforge.fml.javafmlmod.AutomaticEventSubscriber/LOADING]: Auto-subscribing luckytnt.registry.ItemRegistry to MOD
[25Jul2025 01:37:18.495] [modloading-worker-0/DEBUG] [io.netty.util.internal.PlatformDependent0/]: -Dio.netty.noUnsafe: false
[25Jul2025 01:37:18.495] [modloading-worker-0/DEBUG] [io.netty.util.internal.PlatformDependent0/]: Java version: 17
[25Jul2025 01:37:18.496] [modloading-worker-0/DEBUG] [io.netty.util.internal.PlatformDependent0/]: sun.misc.Unsafe.theUnsafe: available
[25Jul2025 01:37:18.498] [modloading-worker-0/DEBUG] [io.netty.util.internal.PlatformDependent0/]: sun.misc.Unsafe.copyMemory: available
[25Jul2025 01:37:18.498] [modloading-worker-0/DEBUG] [io.netty.util.internal.PlatformDependent0/]: sun.misc.Unsafe.storeFence: available
[25Jul2025 01:37:18.498] [modloading-worker-0/DEBUG] [io.netty.util.internal.PlatformDependent0/]: java.nio.Buffer.address: available
[25Jul2025 01:37:18.499] [modloading-worker-0/DEBUG] [io.netty.util.internal.PlatformDependent0/]: direct buffer constructor: unavailable
java.lang.UnsupportedOperationException: Reflective setAccessible(true) disabled
	at io.netty.util.internal.ReflectionUtil.trySetAccessible(ReflectionUtil.java:31) ~[netty-common-4.1.82.Final.jar%2382!/:4.1.82.Final]
	at io.netty.util.internal.PlatformDependent0$5.run(PlatformDependent0.java:288) ~[netty-common-4.1.82.Final.jar%2382!/:4.1.82.Final]
	at java.security.AccessController.doPrivileged(AccessController.java:318) ~[?:?]
	at io.netty.util.internal.PlatformDependent0.<clinit>(PlatformDependent0.java:282) ~[netty-common-4.1.82.Final.jar%2382!/:4.1.82.Final]
	at io.netty.util.internal.PlatformDependent.isAndroid(PlatformDependent.java:333) ~[netty-common-4.1.82.Final.jar%2382!/:4.1.82.Final]
	at io.netty.util.internal.PlatformDependent.<clinit>(PlatformDependent.java:88) ~[netty-common-4.1.82.Final.jar%2382!/:4.1.82.Final]
	at io.netty.util.ConstantPool.<init>(ConstantPool.java:34) ~[netty-common-4.1.82.Final.jar%2382!/:4.1.82.Final]
	at io.netty.util.AttributeKey$1.<init>(AttributeKey.java:27) ~[netty-common-4.1.82.Final.jar%2382!/:4.1.82.Final]
	at io.netty.util.AttributeKey.<clinit>(AttributeKey.java:27) ~[netty-common-4.1.82.Final.jar%2382!/:4.1.82.Final]
	at net.minecraftforge.network.NetworkConstants.<clinit>(NetworkConstants.java:34) ~[forge-1.20.1-47.3.7-universal.jar%23134!/:?]
	at net.minecraftforge.common.ForgeMod.<init>(ForgeMod.java:429) ~[forge-1.20.1-47.3.7-universal.jar%23134!/:?]
	at jdk.internal.reflect.NativeConstructorAccessorImpl.newInstance0(Native Method) ~[?:?]
	at jdk.internal.reflect.NativeConstructorAccessorImpl.newInstance(NativeConstructorAccessorImpl.java:77) ~[?:?]
	at jdk.internal.reflect.DelegatingConstructorAccessorImpl.newInstance(DelegatingConstructorAccessorImpl.java:45) ~[?:?]
	at java.lang.reflect.Constructor.newInstanceWithCaller(Constructor.java:500) ~[?:?]
	at java.lang.reflect.Constructor.newInstance(Constructor.java:481) ~[?:?]
	at net.minecraftforge.fml.javafmlmod.FMLModContainer.constructMod(FMLModContainer.java:70) ~[javafmllanguage-1.20.1-47.3.7.jar%23131!/:?]
	at net.minecraftforge.fml.ModContainer.lambda$buildTransitionHandler$4(ModContainer.java:124) ~[fmlcore-1.20.1-47.3.7.jar%23130!/:?]
	at java.util.concurrent.CompletableFuture$AsyncRun.run(CompletableFuture.java:1804) ~[?:?]
	at java.util.concurrent.CompletableFuture$AsyncRun.exec(CompletableFuture.java:1796) ~[?:?]
	at java.util.concurrent.ForkJoinTask.doExec(ForkJoinTask.java:373) ~[?:?]
	at java.util.concurrent.ForkJoinPool$WorkQueue.topLevelExec(ForkJoinPool.java:1182) ~[?:?]
	at java.util.concurrent.ForkJoinPool.scan(ForkJoinPool.java:1655) ~[?:?]
	at java.util.concurrent.ForkJoinPool.runWorker(ForkJoinPool.java:1622) ~[?:?]
	at java.util.concurrent.ForkJoinWorkerThread.run(ForkJoinWorkerThread.java:165) ~[?:?]
[25Jul2025 01:37:18.502] [modloading-worker-0/DEBUG] [io.netty.util.internal.PlatformDependent0/]: java.nio.Bits.unaligned: available, true
[25Jul2025 01:37:18.505] [modloading-worker-0/DEBUG] [io.netty.util.internal.PlatformDependent0/]: jdk.internal.misc.Unsafe.allocateUninitializedArray(int): unavailable
java.lang.IllegalAccessException: class io.netty.util.internal.PlatformDependent0$7 (in module io.netty.common) cannot access class jdk.internal.misc.Unsafe (in module java.base) because module java.base does not export jdk.internal.misc to module io.netty.common
	at jdk.internal.reflect.Reflection.newIllegalAccessException(Reflection.java:392) ~[?:?]
	at java.lang.reflect.AccessibleObject.checkAccess(AccessibleObject.java:674) ~[?:?]
	at java.lang.reflect.Method.invoke(Method.java:561) ~[?:?]
	at io.netty.util.internal.PlatformDependent0$7.run(PlatformDependent0.java:410) ~[netty-common-4.1.82.Final.jar%2382!/:4.1.82.Final]
	at java.security.AccessController.doPrivileged(AccessController.java:318) ~[?:?]
	at io.netty.util.internal.PlatformDependent0.<clinit>(PlatformDependent0.java:401) ~[netty-common-4.1.82.Final.jar%2382!/:4.1.82.Final]
	at io.netty.util.internal.PlatformDependent.isAndroid(PlatformDependent.java:333) ~[netty-common-4.1.82.Final.jar%2382!/:4.1.82.Final]
	at io.netty.util.internal.PlatformDependent.<clinit>(PlatformDependent.java:88) ~[netty-common-4.1.82.Final.jar%2382!/:4.1.82.Final]
	at io.netty.util.ConstantPool.<init>(ConstantPool.java:34) ~[netty-common-4.1.82.Final.jar%2382!/:4.1.82.Final]
	at io.netty.util.AttributeKey$1.<init>(AttributeKey.java:27) ~[netty-common-4.1.82.Final.jar%2382!/:4.1.82.Final]
	at io.netty.util.AttributeKey.<clinit>(AttributeKey.java:27) ~[netty-common-4.1.82.Final.jar%2382!/:4.1.82.Final]
	at net.minecraftforge.network.NetworkConstants.<clinit>(NetworkConstants.java:34) ~[forge-1.20.1-47.3.7-universal.jar%23134!/:?]
	at net.minecraftforge.common.ForgeMod.<init>(ForgeMod.java:429) ~[forge-1.20.1-47.3.7-universal.jar%23134!/:?]
	at jdk.internal.reflect.NativeConstructorAccessorImpl.newInstance0(Native Method) ~[?:?]
	at jdk.internal.reflect.NativeConstructorAccessorImpl.newInstance(NativeConstructorAccessorImpl.java:77) ~[?:?]
	at jdk.internal.reflect.DelegatingConstructorAccessorImpl.newInstance(DelegatingConstructorAccessorImpl.java:45) ~[?:?]
	at java.lang.reflect.Constructor.newInstanceWithCaller(Constructor.java:500) ~[?:?]
	at java.lang.reflect.Constructor.newInstance(Constructor.java:481) ~[?:?]
	at net.minecraftforge.fml.javafmlmod.FMLModContainer.constructMod(FMLModContainer.java:70) ~[javafmllanguage-1.20.1-47.3.7.jar%23131!/:?]
	at net.minecraftforge.fml.ModContainer.lambda$buildTransitionHandler$4(ModContainer.java:124) ~[fmlcore-1.20.1-47.3.7.jar%23130!/:?]
	at java.util.concurrent.CompletableFuture$AsyncRun.run(CompletableFuture.java:1804) ~[?:?]
	at java.util.concurrent.CompletableFuture$AsyncRun.exec(CompletableFuture.java:1796) ~[?:?]
	at java.util.concurrent.ForkJoinTask.doExec(ForkJoinTask.java:373) ~[?:?]
	at java.util.concurrent.ForkJoinPool$WorkQueue.topLevelExec(ForkJoinPool.java:1182) ~[?:?]
	at java.util.concurrent.ForkJoinPool.scan(ForkJoinPool.java:1655) ~[?:?]
	at java.util.concurrent.ForkJoinPool.runWorker(ForkJoinPool.java:1622) ~[?:?]
	at java.util.concurrent.ForkJoinWorkerThread.run(ForkJoinWorkerThread.java:165) ~[?:?]
[25Jul2025 01:37:18.509] [modloading-worker-0/DEBUG] [io.netty.util.internal.PlatformDependent0/]: java.nio.DirectByteBuffer.<init>(long, int): unavailable
[25Jul2025 01:37:18.509] [modloading-worker-0/DEBUG] [io.netty.util.internal.PlatformDependent/]: sun.misc.Unsafe: available
[25Jul2025 01:37:18.509] [modloading-worker-0/DEBUG] [io.netty.util.internal.PlatformDependent/]: maxDirectMemory: 7516192768 bytes (maybe)
[25Jul2025 01:37:18.510] [modloading-worker-0/DEBUG] [io.netty.util.internal.PlatformDependent/]: -Dio.netty.tmpdir: /tmp (java.io.tmpdir)
[25Jul2025 01:37:18.510] [modloading-worker-0/DEBUG] [io.netty.util.internal.PlatformDependent/]: -Dio.netty.bitMode: 64 (sun.arch.data.model)
[25Jul2025 01:37:18.510] [modloading-worker-0/DEBUG] [io.netty.util.internal.PlatformDependent/]: -Dio.netty.maxDirectMemory: -1 bytes
[25Jul2025 01:37:18.511] [modloading-worker-0/DEBUG] [io.netty.util.internal.PlatformDependent/]: -Dio.netty.uninitializedArrayAllocationThreshold: -1
[25Jul2025 01:37:18.513] [modloading-worker-0/DEBUG] [io.netty.util.internal.CleanerJava9/]: java.nio.ByteBuffer.cleaner(): available
[25Jul2025 01:37:18.513] [modloading-worker-0/DEBUG] [io.netty.util.internal.PlatformDependent/]: -Dio.netty.noPreferDirect: false
[25Jul2025 01:37:18.563] [modloading-worker-0/DEBUG] [net.minecraftforge.common.ForgeMod/FORGEMOD]: Loading Network data for FML net version: FML3
[25Jul2025 01:37:18.588] [modloading-worker-0/DEBUG] [net.minecraftforge.fml.config.ConfigTracker/CONFIG]: Config file forge-client.toml for forge tracking
[25Jul2025 01:37:18.588] [modloading-worker-0/DEBUG] [net.minecraftforge.fml.config.ConfigTracker/CONFIG]: Config file forge-server.toml for forge tracking
[25Jul2025 01:37:18.588] [modloading-worker-0/DEBUG] [net.minecraftforge.fml.ModLoadingContext/]: Attempted to register an empty config for type COMMON on mod forge
[25Jul2025 01:37:18.624] [modloading-worker-0/DEBUG] [net.minecraftforge.fml.javafmlmod.AutomaticEventSubscriber/LOADING]: Attempting to inject @EventBusSubscriber classes into the eventbus for forge
[25Jul2025 01:37:18.627] [modloading-worker-0/DEBUG] [net.minecraftforge.fml.javafmlmod.AutomaticEventSubscriber/LOADING]: Auto-subscribing net.minecraftforge.common.ForgeSpawnEggItem$CommonHandler to MOD
[25Jul2025 01:37:18.680] [modloading-worker-0/DEBUG] [xaero.hud.minimap.MinimapLogs/]: Loaded xaero.common.platform.services.ForgePlatformHelper@74b042c2 for service interface xaero.common.platform.services.IPlatformHelper
[25Jul2025 01:37:18.701] [modloading-worker-0/DEBUG] [net.minecraftforge.fml.javafmlmod.AutomaticEventSubscriber/LOADING]: Attempting to inject @EventBusSubscriber classes into the eventbus for xaerominimap
[25Jul2025 01:37:18.706] [modloading-worker-0/DEBUG] [net.minecraftforge.fml.config.ConfigTracker/CONFIG]: Config file luckytntlib-common.toml for luckytntlib tracking
[25Jul2025 01:37:18.706] [modloading-worker-0/DEBUG] [net.minecraftforge.fml.javafmlmod.AutomaticEventSubscriber/LOADING]: Attempting to inject @EventBusSubscriber classes into the eventbus for luckytntlib
[25Jul2025 01:37:18.781] [modloading-worker-0/DEBUG] [net.minecraftforge.fml.javafmlmod.AutomaticEventSubscriber/LOADING]: Auto-subscribing luckytnt.registry.FeatureRegistry to MOD
[25Jul2025 01:37:18.785] [modloading-worker-0/DEBUG] [net.minecraftforge.fml.javafmlmod.AutomaticEventSubscriber/LOADING]: Auto-subscribing luckytnt.registry.EntityRegistry to MOD
[25Jul2025 01:37:18.787] [modloading-worker-0/DEBUG] [net.minecraftforge.fml.javafmlmod.AutomaticEventSubscriber/LOADING]: Auto-subscribing luckytnt.registry.EffectRegistry to MOD
[25Jul2025 01:37:18.791] [modloading-worker-0/DEBUG] [net.minecraftforge.fml.javafmlmod.AutomaticEventSubscriber/LOADING]: Auto-subscribing luckytnt.registry.CommandRegistry to FORGE
[25Jul2025 01:37:18.792] [modloading-worker-0/DEBUG] [net.minecraftforge.fml.javafmlmod.AutomaticEventSubscriber/LOADING]: Auto-subscribing luckytnt.registry.BlockRegistry to MOD
[25Jul2025 01:37:18.842] [modloading-worker-0/DEBUG] [net.minecraftforge.fml.javafmlmod.AutomaticEventSubscriber/LOADING]: Auto-subscribing luckytnt.registry.AttributeRegistry to MOD
[25Jul2025 01:37:18.843] [modloading-worker-0/DEBUG] [net.minecraftforge.fml.javafmlmod.AutomaticEventSubscriber/LOADING]: Auto-subscribing luckytnt.event.LevelEvents to FORGE
[25Jul2025 01:37:18.851] [modloading-worker-0/DEBUG] [net.minecraftforge.fml.javafmlmod.AutomaticEventSubscriber/LOADING]: Auto-subscribing luckytnt.event.EntityLivingEvent to FORGE
[25Jul2025 01:37:18.854] [modloading-worker-0/DEBUG] [net.minecraftforge.fml.javafmlmod.AutomaticEventSubscriber/LOADING]: Auto-subscribing luckytnt.client.overlay.OverlayTick to FORGE
[25Jul2025 01:37:18.857] [modloading-worker-0/DEBUG] [net.minecraftforge.fml.javafmlmod.AutomaticEventSubscriber/LOADING]: Attempting to inject @EventBusSubscriber classes into the eventbus for trimmed
[25Jul2025 01:37:18.861] [modloading-worker-0/DEBUG] [net.minecraftforge.fml.javafmlmod.AutomaticEventSubscriber/LOADING]: Attempting to inject @EventBusSubscriber classes into the eventbus for dungeons_arise
[25Jul2025 01:37:19.270] [modloading-worker-0/INFO] [dev.architectury.networking.forge.NetworkManagerImpl/]: Registering C2S receiver with id jcraft:plr_input
[25Jul2025 01:37:19.273] [modloading-worker-0/INFO] [dev.architectury.networking.forge.NetworkManagerImpl/]: Registering C2S receiver with id jcraft:plr_input_h
[25Jul2025 01:37:19.273] [modloading-worker-0/INFO] [dev.architectury.networking.forge.NetworkManagerImpl/]: Registering C2S receiver with id jcraft:config_update
[25Jul2025 01:37:19.275] [modloading-worker-0/INFO] [dev.architectury.networking.forge.NetworkManagerImpl/]: Registering C2S receiver with id jcraft:stnd_blk
[25Jul2025 01:37:19.276] [modloading-worker-0/INFO] [dev.architectury.networking.forge.NetworkManagerImpl/]: Registering C2S receiver with id jcraft:cdc
[25Jul2025 01:37:19.280] [modloading-worker-0/INFO] [dev.architectury.networking.forge.NetworkManagerImpl/]: Registering C2S receiver with id jcraft:rmt_stnd_act
[25Jul2025 01:37:19.283] [modloading-worker-0/INFO] [dev.architectury.networking.forge.NetworkManagerImpl/]: Registering C2S receiver with id jcraft:prdct_trig
[25Jul2025 01:37:19.284] [modloading-worker-0/INFO] [dev.architectury.networking.forge.NetworkManagerImpl/]: Registering C2S receiver with id jcraft:menu
[25Jul2025 01:37:19.302] [modloading-worker-0/INFO] [dev.architectury.networking.forge.NetworkManagerImpl/]: Registering C2S receiver with id jcraft:time_c2s
[25Jul2025 01:37:19.307] [modloading-worker-0/INFO] [dev.architectury.networking.forge.NetworkManagerImpl/]: Registering C2S receiver with id jcraft:cd_c2s
[25Jul2025 01:37:19.313] [modloading-worker-0/INFO] [dev.architectury.networking.forge.NetworkManagerImpl/]: Registering C2S receiver with id jcraft:misc_c2s
[25Jul2025 01:37:19.315] [modloading-worker-0/INFO] [dev.architectury.networking.forge.NetworkManagerImpl/]: Registering C2S receiver with id jcraft:ph_c2s
[25Jul2025 01:37:19.320] [modloading-worker-0/INFO] [dev.architectury.networking.forge.NetworkManagerImpl/]: Registering C2S receiver with id jcraft:spec_c2s
[25Jul2025 01:37:19.325] [modloading-worker-0/INFO] [dev.architectury.networking.forge.NetworkManagerImpl/]: Registering C2S receiver with id jcraft:g_c2s
[25Jul2025 01:37:19.328] [modloading-worker-0/DEBUG] [net.minecraftforge.fml.javafmlmod.AutomaticEventSubscriber/LOADING]: Attempting to inject @EventBusSubscriber classes into the eventbus for jcraft
[25Jul2025 01:37:19.331] [modloading-worker-0/DEBUG] [net.minecraftforge.fml.javafmlmod.AutomaticEventSubscriber/LOADING]: Auto-subscribing net.arna.jcraft.forge.events.SetupEvents to MOD
[25Jul2025 01:37:19.332] [modloading-worker-0/DEBUG] [net.minecraftforge.fml.javafmlmod.AutomaticEventSubscriber/LOADING]: Auto-subscribing net.arna.jcraft.forge.events.RuntimeEvents to FORGE
[25Jul2025 01:37:19.438] [main/DEBUG] [net.minecraftforge.common.capabilities.CapabilityManager/CAPABILITIES]: Attempting to automatically register: Lnet/minecraftforge/energy/IEnergyStorage;
[25Jul2025 01:37:19.438] [main/DEBUG] [net.minecraftforge.common.capabilities.CapabilityManager/CAPABILITIES]: Attempting to automatically register: Lnet/minecraftforge/fluids/capability/IFluidHandler;
[25Jul2025 01:37:19.438] [main/DEBUG] [net.minecraftforge.common.capabilities.CapabilityManager/CAPABILITIES]: Attempting to automatically register: Lnet/minecraftforge/fluids/capability/IFluidHandlerItem;
[25Jul2025 01:37:19.438] [main/DEBUG] [net.minecraftforge.common.capabilities.CapabilityManager/CAPABILITIES]: Attempting to automatically register: Lnet/minecraftforge/items/IItemHandler;
[25Jul2025 01:37:19.652] [main/DEBUG] [software.bernie.geckolib.GeckoLib/]: Registered SyncedAnimatable for class com.bobmowzie.mowziesmobs.server.item.ItemEarthrendGauntlet
[25Jul2025 01:37:19.652] [main/DEBUG] [software.bernie.geckolib.GeckoLib/]: Registered SyncedAnimatable for class com.bobmowzie.mowziesmobs.server.item.ItemSculptorStaff
[25Jul2025 01:37:19.982] [main/DEBUG] [dev.architectury.core.item.ArchitecturySpawnEggItem/]: Registering spawn egg petshop_spawn_egg for jcraft:petshop
[25Jul2025 01:37:19.984] [main/DEBUG] [dev.architectury.core.item.ArchitecturySpawnEggItem/]: Registering spawn egg aya_tsuji_spawn_egg for jcraft:aya_tsuji
[25Jul2025 01:37:19.986] [main/DEBUG] [dev.architectury.core.item.ArchitecturySpawnEggItem/]: Registering spawn egg darby_older_spawn_egg for jcraft:darby_older
[25Jul2025 01:37:19.989] [main/DEBUG] [dev.architectury.core.item.ArchitecturySpawnEggItem/]: Registering spawn egg darby_younger_spawn_egg for jcraft:darby_younger
[25Jul2025 01:37:20.283] [main/DEBUG] [net.minecraftforge.fml.config.ConfigTracker/CONFIG]: Loading configs type COMMON
[25Jul2025 01:37:20.284] [main/DEBUG] [net.minecraftforge.fml.config.ConfigFileTypeHandler/CONFIG]: Built TOML config for /workspaces/sefd/servidor_minecraft/config/mowziesmobs-common.toml
[25Jul2025 01:37:20.292] [main/DEBUG] [net.minecraftforge.fml.config.ConfigFileTypeHandler/CONFIG]: Loaded TOML config file /workspaces/sefd/servidor_minecraft/config/mowziesmobs-common.toml
[25Jul2025 01:37:20.297] [main/DEBUG] [net.minecraftforge.fml.config.ConfigFileTypeHandler/CONFIG]: Watching TOML config file /workspaces/sefd/servidor_minecraft/config/mowziesmobs-common.toml for changes
[25Jul2025 01:37:20.310] [Thread-1/DEBUG] [net.minecraftforge.fml.config.ConfigFileTypeHandler/CONFIG]: Config file mowziesmobs-common.toml changed, sending notifies
[25Jul2025 01:37:20.318] [Thread-1/DEBUG] [net.minecraftforge.fml.config.ConfigFileTypeHandler/CONFIG]: Config file mowziesmobs-common.toml changed, sending notifies
[25Jul2025 01:37:20.324] [Thread-1/DEBUG] [net.minecraftforge.fml.config.ConfigFileTypeHandler/CONFIG]: Config file mowziesmobs-common.toml changed, sending notifies
[25Jul2025 01:37:20.325] [main/DEBUG] [net.minecraftforge.fml.config.ConfigFileTypeHandler/CONFIG]: Built TOML config for /workspaces/sefd/servidor_minecraft/config/elementalcreepers-common.toml
[25Jul2025 01:37:20.328] [main/DEBUG] [net.minecraftforge.fml.config.ConfigFileTypeHandler/CONFIG]: Loaded TOML config file /workspaces/sefd/servidor_minecraft/config/elementalcreepers-common.toml
[25Jul2025 01:37:20.328] [main/DEBUG] [net.minecraftforge.fml.config.ConfigFileTypeHandler/CONFIG]: Watching TOML config file /workspaces/sefd/servidor_minecraft/config/elementalcreepers-common.toml for changes
[25Jul2025 01:37:20.328] [main/INFO] [io.github.xsmalldeadguyx.elementalcreepers.common.ElementalCreepers/]: minecraft:torch is valid = true
[25Jul2025 01:37:20.328] [main/INFO] [io.github.xsmalldeadguyx.elementalcreepers.common.ElementalCreepers/]: minecraft:redstone_torch is valid = true
[25Jul2025 01:37:20.328] [main/INFO] [io.github.xsmalldeadguyx.elementalcreepers.common.ElementalCreepers/]: minecraft:redstone_lamp is valid = true
[25Jul2025 01:37:20.328] [main/INFO] [io.github.xsmalldeadguyx.elementalcreepers.common.ElementalCreepers/]: minecraft:redstone_wall_torch is valid = true
[25Jul2025 01:37:20.329] [main/INFO] [io.github.xsmalldeadguyx.elementalcreepers.common.ElementalCreepers/]: minecraft:glowstone is valid = true
[25Jul2025 01:37:20.329] [main/INFO] [io.github.xsmalldeadguyx.elementalcreepers.common.ElementalCreepers/]: minecraft:lantern is valid = true
[25Jul2025 01:37:20.329] [main/INFO] [io.github.xsmalldeadguyx.elementalcreepers.common.ElementalCreepers/]: minecraft:sea_lantern is valid = true
[25Jul2025 01:37:20.329] [main/INFO] [io.github.xsmalldeadguyx.elementalcreepers.common.ElementalCreepers/]: minecraft:shroomlight is valid = true
[25Jul2025 01:37:20.329] [main/INFO] [io.github.xsmalldeadguyx.elementalcreepers.common.ElementalCreepers/]: minecraft:campfire is valid = true
[25Jul2025 01:37:20.331] [main/INFO] [io.github.xsmalldeadguyx.elementalcreepers.common.ElementalCreepers/]: minecraft:soul_campfire is valid = true
[25Jul2025 01:37:20.334] [Thread-1/INFO] [io.github.xsmalldeadguyx.elementalcreepers.common.ElementalCreepers/]: minecraft:torch is valid = true
[25Jul2025 01:37:20.334] [Thread-1/INFO] [io.github.xsmalldeadguyx.elementalcreepers.common.ElementalCreepers/]: minecraft:redstone_torch is valid = true
[25Jul2025 01:37:20.334] [Thread-1/INFO] [io.github.xsmalldeadguyx.elementalcreepers.common.ElementalCreepers/]: minecraft:redstone_lamp is valid = true
[25Jul2025 01:37:20.334] [Thread-1/INFO] [io.github.xsmalldeadguyx.elementalcreepers.common.ElementalCreepers/]: minecraft:redstone_wall_torch is valid = true
[25Jul2025 01:37:20.335] [Thread-1/INFO] [io.github.xsmalldeadguyx.elementalcreepers.common.ElementalCreepers/]: minecraft:glowstone is valid = true
[25Jul2025 01:37:20.335] [Thread-1/INFO] [io.github.xsmalldeadguyx.elementalcreepers.common.ElementalCreepers/]: minecraft:lantern is valid = true
[25Jul2025 01:37:20.335] [Thread-1/INFO] [io.github.xsmalldeadguyx.elementalcreepers.common.ElementalCreepers/]: minecraft:sea_lantern is valid = true
[25Jul2025 01:37:20.335] [Thread-1/INFO] [io.github.xsmalldeadguyx.elementalcreepers.common.ElementalCreepers/]: minecraft:shroomlight is valid = true
[25Jul2025 01:37:20.335] [Thread-1/INFO] [io.github.xsmalldeadguyx.elementalcreepers.common.ElementalCreepers/]: minecraft:campfire is valid = true
[25Jul2025 01:37:20.335] [Thread-1/INFO] [io.github.xsmalldeadguyx.elementalcreepers.common.ElementalCreepers/]: minecraft:soul_campfire is valid = true
[25Jul2025 01:37:20.335] [Thread-1/DEBUG] [net.minecraftforge.fml.config.ConfigFileTypeHandler/CONFIG]: Config file elementalcreepers-common.toml changed, sending notifies
[25Jul2025 01:37:20.338] [main/DEBUG] [net.minecraftforge.fml.config.ConfigFileTypeHandler/CONFIG]: Built TOML config for /workspaces/sefd/servidor_minecraft/config/luckytntmod-common.toml
[25Jul2025 01:37:20.339] [main/DEBUG] [net.minecraftforge.fml.config.ConfigFileTypeHandler/CONFIG]: Loaded TOML config file /workspaces/sefd/servidor_minecraft/config/luckytntmod-common.toml
[25Jul2025 01:37:20.340] [main/DEBUG] [net.minecraftforge.fml.config.ConfigFileTypeHandler/CONFIG]: Watching TOML config file /workspaces/sefd/servidor_minecraft/config/luckytntmod-common.toml for changes
[25Jul2025 01:37:20.341] [Thread-1/INFO] [io.github.xsmalldeadguyx.elementalcreepers.common.ElementalCreepers/]: minecraft:torch is valid = true
[25Jul2025 01:37:20.341] [Thread-1/INFO] [io.github.xsmalldeadguyx.elementalcreepers.common.ElementalCreepers/]: minecraft:redstone_torch is valid = true
[25Jul2025 01:37:20.341] [Thread-1/INFO] [io.github.xsmalldeadguyx.elementalcreepers.common.ElementalCreepers/]: minecraft:redstone_lamp is valid = true
[25Jul2025 01:37:20.341] [Thread-1/INFO] [io.github.xsmalldeadguyx.elementalcreepers.common.ElementalCreepers/]: minecraft:redstone_wall_torch is valid = true
[25Jul2025 01:37:20.341] [Thread-1/INFO] [io.github.xsmalldeadguyx.elementalcreepers.common.ElementalCreepers/]: minecraft:glowstone is valid = true
[25Jul2025 01:37:20.341] [Thread-1/INFO] [io.github.xsmalldeadguyx.elementalcreepers.common.ElementalCreepers/]: minecraft:lantern is valid = true
[25Jul2025 01:37:20.341] [Thread-1/INFO] [io.github.xsmalldeadguyx.elementalcreepers.common.ElementalCreepers/]: minecraft:sea_lantern is valid = true
[25Jul2025 01:37:20.342] [Thread-1/INFO] [io.github.xsmalldeadguyx.elementalcreepers.common.ElementalCreepers/]: minecraft:shroomlight is valid = true
[25Jul2025 01:37:20.342] [Thread-1/INFO] [io.github.xsmalldeadguyx.elementalcreepers.common.ElementalCreepers/]: minecraft:campfire is valid = true
[25Jul2025 01:37:20.342] [Thread-1/INFO] [io.github.xsmalldeadguyx.elementalcreepers.common.ElementalCreepers/]: minecraft:soul_campfire is valid = true
[25Jul2025 01:37:20.342] [Thread-1/DEBUG] [net.minecraftforge.fml.config.ConfigFileTypeHandler/CONFIG]: Config file elementalcreepers-common.toml changed, sending notifies
[25Jul2025 01:37:20.343] [main/DEBUG] [net.minecraftforge.fml.config.ConfigFileTypeHandler/CONFIG]: Built TOML config for /workspaces/sefd/servidor_minecraft/config/luckytntlib-common.toml
[25Jul2025 01:37:20.346] [main/DEBUG] [net.minecraftforge.fml.config.ConfigFileTypeHandler/CONFIG]: Loaded TOML config file /workspaces/sefd/servidor_minecraft/config/luckytntlib-common.toml
[25Jul2025 01:37:20.346] [main/DEBUG] [net.minecraftforge.fml.config.ConfigFileTypeHandler/CONFIG]: Watching TOML config file /workspaces/sefd/servidor_minecraft/config/luckytntlib-common.toml for changes
[25Jul2025 01:37:20.342] [Thread-1/DEBUG] [net.minecraftforge.fml.config.ConfigFileTypeHandler/CONFIG]: Config file luckytntmod-common.toml changed, sending notifies
[25Jul2025 01:37:20.348] [Thread-1/DEBUG] [net.minecraftforge.fml.config.ConfigFileTypeHandler/CONFIG]: Config file luckytntmod-common.toml changed, sending notifies
[25Jul2025 01:37:20.349] [Thread-1/DEBUG] [net.minecraftforge.fml.config.ConfigFileTypeHandler/CONFIG]: Config file luckytntlib-common.toml changed, sending notifies
[25Jul2025 01:37:20.386] [modloading-worker-0/DEBUG] [azurelib/FileWatching]: Starting file watching service
[25Jul2025 01:37:20.483] [main/DEBUG] [net.minecraftforge.fml.DeferredWorkQueue/LOADING]: Dispatching synchronous work for work queue COMMON_SETUP: 1 jobs
[25Jul2025 01:37:20.529] [main/DEBUG] [net.minecraftforge.fml.DeferredWorkQueue/LOADING]: Synchronous work queue completed in 44.67 ms
[25Jul2025 01:37:20.537] [modloading-worker-0/INFO] [xaero.minimap.XaeroMinimap/]: Loading Xaero's Minimap - Stage 1/2 (Server)
[25Jul2025 01:37:20.550] [main/DEBUG] [net.minecraftforge.fml.DeferredWorkQueue/LOADING]: Dispatching synchronous work for work queue SIDED_SETUP: 1 jobs
[25Jul2025 01:37:20.552] [main/INFO] [xaero.minimap.XaeroMinimap/]: Loading Xaero's Minimap - Stage 2/2 (Server)
[25Jul2025 01:37:20.555] [main/DEBUG] [net.minecraftforge.fml.DeferredWorkQueue/LOADING]: Synchronous work queue completed in 3.776 ms
[25Jul2025 01:37:20.640] [main/DEBUG] [mixin/]: Mixing gravity.EntityShapeContextMixin from jcraft.mixins.json into net.minecraft.world.phys.shapes.EntityCollisionContext
[25Jul2025 01:37:20.927] [Forge Version Check/INFO] [net.minecraftforge.fml.VersionChecker/]: [forge] Starting version check at https://files.minecraftforge.net/net/minecraftforge/forge/promotions_slim.json
[25Jul2025 01:37:21.855] [Forge Version Check/DEBUG] [net.minecraftforge.fml.VersionChecker/]: [forge] Received version check data:
{
  "homepage": "https://files.minecraftforge.net/net/minecraftforge/forge/",
  "promos": {
    "1.1-latest": "1.3.4.29",
    "1.2.3-latest": "1.4.1.64",
    "1.2.4-latest": "2.0.0.68",
    "1.2.5-latest": "3.4.9.171",
    "1.3.2-latest": "4.3.5.318",
    "1.4.0-latest": "5.0.0.326",
    "1.4.1-latest": "6.0.0.329",
    "1.4.2-latest": "6.0.1.355",
    "1.4.3-latest": "6.2.1.358",
    "1.4.4-latest": "6.3.0.378",
    "1.4.5-latest": "6.4.2.448",
    "1.4.6-latest": "6.5.0.489",
    "1.4.7-latest": "6.6.2.534",
    "1.5-latest": "7.7.0.598",
    "1.5.1-latest": "7.7.2.682",
    "1.5.2-latest": "7.8.1.738",
    "1.5.2-recommended": "7.8.1.738",
    "1.6.1-latest": "8.9.0.775",
    "1.6.2-latest": "9.10.1.871",
    "1.6.2-recommended": "9.10.1.871",
    "1.6.3-latest": "9.11.0.878",
    "1.6.4-latest": "9.11.1.1345",
    "1.6.4-recommended": "9.11.1.1345",
    "1.7.2-latest": "10.12.2.1161",
    "1.7.2-recommended": "10.12.2.1161",
    "1.7.10_pre4-latest": "10.12.2.1149",
    "1.7.10-latest": "10.13.4.1614",
    "1.7.10-recommended": "10.13.4.1614",
    "1.8-latest": "11.14.4.1577",
    "1.8-recommended": "11.14.4.1563",
    "1.8.8-latest": "11.15.0.1655",
    "1.8.9-latest": "11.15.1.2318",
    "1.8.9-recommended": "11.15.1.2318",
    "1.9-latest": "12.16.1.1938",
    "1.9-recommended": "12.16.1.1887",
    "1.9.4-latest": "12.17.0.2317",
    "1.9.4-recommended": "12.17.0.2317",
    "1.10-latest": "12.18.0.2000",
    "1.10.2-latest": "12.18.3.2511",
    "1.10.2-recommended": "12.18.3.2511",
    "1.11-latest": "13.19.1.2199",
    "1.11-recommended": "13.19.1.2189",
    "1.11.2-latest": "13.20.1.2588",
    "1.11.2-recommended": "13.20.1.2588",
    "1.12-latest": "14.21.1.2443",
    "1.12-recommended": "14.21.1.2387",
    "1.12.1-latest": "14.22.1.2485",
    "1.12.1-recommended": "14.22.1.2478",
    "1.12.2-latest": "14.23.5.2860",
    "1.12.2-recommended": "14.23.5.2859",
    "1.13.2-latest": "25.0.223",
    "1.14.2-latest": "26.0.63",
    "1.14.3-latest": "27.0.60",
    "1.14.4-latest": "28.2.26",
    "1.14.4-recommended": "28.2.26",
    "1.15-latest": "29.0.4",
    "1.15.1-latest": "30.0.51",
    "1.15.2-latest": "31.2.57",
    "1.15.2-recommended": "31.2.57",
    "1.16.1-latest": "32.0.108",
    "1.16.2-latest": "33.0.61",
    "1.16.3-latest": "34.1.42",
    "1.16.3-recommended": "34.1.0",
    "1.16.4-latest": "35.1.37",
    "1.16.4-recommended": "35.1.4",
    "1.16.5-latest": "36.2.42",
    "1.16.5-recommended": "36.2.34",
    "1.17.1-latest": "37.1.1",
    "1.17.1-recommended": "37.1.1",
    "1.18-latest": "38.0.17",
    "1.18.1-latest": "39.1.2",
    "1.18.1-recommended": "39.1.0",
    "1.18.2-recommended": "40.3.0",
    "1.18.2-latest": "40.3.11",
    "1.19-latest": "41.1.0",
    "1.19-recommended": "41.1.0",
    "1.19.1-latest": "42.0.9",
    "1.19.2-recommended": "43.5.0",
    "1.19.2-latest": "43.5.1",
    "1.19.3-latest": "44.1.23",
    "1.19.3-recommended": "44.1.0",
    "1.19.4-recommended": "45.4.0",
    "1.19.4-latest": "45.4.1",
    "1.20-latest": "46.0.14",
    "1.20.1-recommended": "47.4.0",
    "1.20.1-latest": "47.4.4",
    "1.20.2-latest": "48.1.0",
    "1.20.2-recommended": "48.1.0",
    "1.20.3-latest": "49.0.2",
    "1.20.4-latest": "49.2.0",
    "1.20.4-recommended": "49.2.0",
    "1.20.6-latest": "50.2.0",
    "1.20.6-recommended": "50.2.0",
    "1.21-latest": "51.0.33",
    "1.21.1-latest": "52.1.1",
    "1.21.1-recommended": "52.1.0",
    "1.21.3-latest": "53.1.1",
    "1.21.3-recommended": "53.1.0",
    "1.21.4-latest": "54.1.3",
    "1.21.4-recommended": "54.1.0",
    "1.21.5-latest": "55.0.23",
    "1.21.6-latest": "56.0.9",
    "1.21.7-latest": "57.0.3",
    "1.21.8-latest": "58.0.1"
  }
}
[25Jul2025 01:37:21.859] [Forge Version Check/INFO] [net.minecraftforge.fml.VersionChecker/]: [forge] Found status: OUTDATED Current: 47.3.7 Target: 47.4.0
[25Jul2025 01:37:23.406] [main/INFO] [com.mojang.authlib.yggdrasil.YggdrasilAuthenticationService/]: Environment: authHost='https://authserver.mojang.com', accountsHost='https://api.mojang.com', sessionHost='https://sessionserver.mojang.com', servicesHost='https://api.minecraftservices.com', name='PROD'
[25Jul2025 01:37:23.593] [main/DEBUG] [mixin/]: Mixing LevelStorageAccessAccessor from jcraft.mixins.json into net.minecraft.world.level.storage.LevelStorageSource$LevelStorageAccess
[25Jul2025 01:37:25.199] [main/WARN] [net.minecraft.server.packs.VanillaPackResourcesBuilder/]: Assets URL 'union:/workspaces/sefd/servidor_minecraft/libraries/net/minecraft/server/1.20.1-20230612.114412/server-1.20.1-20230612.114412-srg.jar%23129!/assets/.mcassetsroot' uses unexpected schema
[25Jul2025 01:37:25.199] [main/WARN] [net.minecraft.server.packs.VanillaPackResourcesBuilder/]: Assets URL 'union:/workspaces/sefd/servidor_minecraft/libraries/net/minecraft/server/1.20.1-20230612.114412/server-1.20.1-20230612.114412-srg.jar%23129!/data/.mcassetsroot' uses unexpected schema
[25Jul2025 01:37:25.240] [main/DEBUG] [mixin/]: Mixing ServerPlayerGameModeMixin from jcraft.mixins.json into net.minecraft.server.level.ServerPlayerGameMode
[25Jul2025 01:37:25.287] [main/DEBUG] [net.minecraftforge.server.ServerLifecycleHooks/CORE]: Generating PackInfo named mod:mixinextras for mod file 
[25Jul2025 01:37:25.287] [main/DEBUG] [net.minecraftforge.server.ServerLifecycleHooks/CORE]: Generating PackInfo named mod:mowziesmobs for mod file /workspaces/sefd/servidor_minecraft/mods/mowziesmobs-1.7.3.jar
[25Jul2025 01:37:25.288] [main/DEBUG] [net.minecraftforge.server.ServerLifecycleHooks/CORE]: Generating PackInfo named mod:terrablender for mod file /workspaces/sefd/servidor_minecraft/mods/TerraBlender-forge-1.20.1-3.0.1.10.jar
[25Jul2025 01:37:25.288] [main/DEBUG] [net.minecraftforge.server.ServerLifecycleHooks/CORE]: Generating PackInfo named mod:geckolib for mod file /workspaces/sefd/servidor_minecraft/mods/geckolib-forge-1.20.1-4.7.3.jar
[25Jul2025 01:37:25.289] [main/DEBUG] [net.minecraftforge.server.ServerLifecycleHooks/CORE]: Generating PackInfo named mod:architectury for mod file /workspaces/sefd/servidor_minecraft/mods/architectury-9.2.14-forge.jar
[25Jul2025 01:37:25.289] [main/DEBUG] [net.minecraftforge.server.ServerLifecycleHooks/CORE]: Generating PackInfo named mod:playeranimator for mod file /workspaces/sefd/servidor_minecraft/mods/player-animation-lib-forge-1.0.2-rc1+1.20.jar
[25Jul2025 01:37:25.290] [main/DEBUG] [net.minecraftforge.server.ServerLifecycleHooks/CORE]: Generating PackInfo named mod:elementalcreepers for mod file /workspaces/sefd/servidor_minecraft/mods/elementalcreepers-4.1.1-1.20.1.jar
[25Jul2025 01:37:25.290] [main/DEBUG] [net.minecraftforge.server.ServerLifecycleHooks/CORE]: Generating PackInfo named mod:jei for mod file /workspaces/sefd/servidor_minecraft/mods/jei-1.20.1-forge-15.20.0.112.jar
[25Jul2025 01:37:25.291] [main/DEBUG] [net.minecraftforge.server.ServerLifecycleHooks/CORE]: Generating PackInfo named mod:azurelib for mod file /workspaces/sefd/servidor_minecraft/mods/azurelib-neo-1.20.1-3.0.9.jar
[25Jul2025 01:37:25.291] [main/DEBUG] [net.minecraftforge.server.ServerLifecycleHooks/CORE]: Generating PackInfo named mod:cloth_config for mod file /workspaces/sefd/servidor_minecraft/mods/cloth-config-11.1.136-forge.jar
[25Jul2025 01:37:25.292] [main/DEBUG] [net.minecraftforge.server.ServerLifecycleHooks/CORE]: Generating PackInfo named mod:forge for mod file /workspaces/sefd/servidor_minecraft/libraries/net/minecraftforge/forge/1.20.1-47.3.7/forge-1.20.1-47.3.7-universal.jar
[25Jul2025 01:37:25.292] [main/DEBUG] [net.minecraftforge.server.ServerLifecycleHooks/CORE]: Generating PackInfo named mod:luckytntmod for mod file /workspaces/sefd/servidor_minecraft/mods/luckytntmod-1.20-2.4.jar
[25Jul2025 01:37:25.293] [main/DEBUG] [net.minecraftforge.server.ServerLifecycleHooks/CORE]: Generating PackInfo named mod:xaerominimap for mod file /workspaces/sefd/servidor_minecraft/mods/Xaeros_Minimap_25.2.10_Forge_1.20.jar
[25Jul2025 01:37:25.293] [main/DEBUG] [net.minecraftforge.server.ServerLifecycleHooks/CORE]: Generating PackInfo named mod:luckytntlib for mod file /workspaces/sefd/servidor_minecraft/mods/luckytntlib-1.20-47.2.32.0.jar
[25Jul2025 01:37:25.294] [main/DEBUG] [net.minecraftforge.server.ServerLifecycleHooks/CORE]: Generating PackInfo named mod:jcraft for mod file /workspaces/sefd/servidor_minecraft/mods/jcraft-forge-0.17.2.jar
[25Jul2025 01:37:25.294] [main/DEBUG] [net.minecraftforge.server.ServerLifecycleHooks/CORE]: Generating PackInfo named mod:trimmed for mod file 
[25Jul2025 01:37:25.294] [main/DEBUG] [net.minecraftforge.server.ServerLifecycleHooks/CORE]: Generating PackInfo named mod:dungeons_arise for mod file /workspaces/sefd/servidor_minecraft/mods/DungeonsArise-1.20.x-2.1.58-release.jar
[25Jul2025 01:37:25.313] [main/DEBUG] [mixin/]: Mixing FallbackResourceManagerMixin from jcraft.mixins.json into net.minecraft.server.packs.resources.FallbackResourceManager
[25Jul2025 01:37:25.313] [main/DEBUG] [mixin/]: Renaming synthetic method lambda$createDirectResource$0(Ljava/nio/file/Path;)Ljava/io/InputStream; to mdc9bef8$lambda$createDirectResource$0$0 in jcraft.mixins.json:FallbackResourceManagerMixin
[25Jul2025 01:37:27.368] [main/DEBUG] [mixin/]: Mixing MixinPrimaryLevelData from terrablender.mixins.json into net.minecraft.world.level.storage.PrimaryLevelData
[25Jul2025 01:37:27.402] [main/DEBUG] [mixin/]: Mixing MixinLootDataManager from architectury.mixins.json into net.minecraft.world.level.storage.loot.LootDataManager
[25Jul2025 01:37:27.625] [main/DEBUG] [net.minecraftforge.coremod.transformer.CoreModBaseTransformer/COREMOD]: Transforming net/minecraft/server/commands/SummonCommand
[25Jul2025 01:37:27.903] [Worker-Main-1/DEBUG] [mixin/]: Mixing TagEntryAccessor from trimmed.mixins.json into net.minecraft.tags.TagEntry
[25Jul2025 01:37:28.379] [Worker-Main-1/DEBUG] [net.minecraftforge.coremod.transformer.CoreModBaseTransformer/COREMOD]: Transforming net/minecraft/world/entity/raid/Raid
[25Jul2025 01:37:29.815] [main/INFO] [net.minecraft.world.item.crafting.RecipeManager/]: Loaded 7 recipes
[25Jul2025 01:37:30.041] [main/INFO] [net.minecraft.advancements.AdvancementList/]: Loaded 1468 advancements
[25Jul2025 01:37:30.689] [main/DEBUG] [net.minecraftforge.common.ForgeHooks/WP]: Gathering id map for writing to world save world
[25Jul2025 01:37:30.710] [main/DEBUG] [net.minecraftforge.common.ForgeHooks/WP]: ID Map collection complete world
[25Jul2025 01:37:30.755] [main/DEBUG] [mixin/]: Mixing PlayerListMixin from azurelib.forge.mixins.json into net.minecraft.server.players.PlayerList
[25Jul2025 01:37:30.756] [main/DEBUG] [mixin/]: Renaming synthetic method lambda$azurelib$sendServerConfigs$0(Lnet/minecraft/server/level/ServerPlayer;Ljava/lang/String;)V to mdc9bef8$lambda$azurelib$sendServerConfigs$0$0 in azurelib.forge.mixins.json:PlayerListMixin
[25Jul2025 01:37:30.758] [main/DEBUG] [mixin/]: Mixing MixinPlayerList from xaerohud.mixins.json into net.minecraft.server.players.PlayerList
[25Jul2025 01:37:30.799] [Server thread/INFO] [net.minecraft.server.dedicated.DedicatedServer/]: Starting minecraft server version 1.20.1
[25Jul2025 01:37:30.802] [Server thread/INFO] [net.minecraft.server.dedicated.DedicatedServer/]: Loading properties
[25Jul2025 01:37:30.803] [Server thread/INFO] [net.minecraft.server.dedicated.DedicatedServer/]: Default game type: SURVIVAL
[25Jul2025 01:37:30.803] [Server thread/INFO] [net.minecraft.server.MinecraftServer/]: Generating keypair
[25Jul2025 01:37:31.083] [Server thread/INFO] [net.minecraft.server.dedicated.DedicatedServer/]: Starting Minecraft server on *:25565
[25Jul2025 01:37:31.084] [Server thread/DEBUG] [net.minecraftforge.network.DualStackUtils/]: Detected IPv6 address: "0:0:0:0:0:0:0:0"
[25Jul2025 01:37:31.103] [Server thread/DEBUG] [io.netty.util.internal.NativeLibraryLoader/]: -Dio.netty.native.workdir: /tmp (io.netty.tmpdir)
[25Jul2025 01:37:31.104] [Server thread/DEBUG] [io.netty.util.internal.NativeLibraryLoader/]: -Dio.netty.native.deleteLibAfterLoading: true
[25Jul2025 01:37:31.104] [Server thread/DEBUG] [io.netty.util.internal.NativeLibraryLoader/]: -Dio.netty.native.tryPatchShadedId: true
[25Jul2025 01:37:31.105] [Server thread/DEBUG] [io.netty.util.internal.NativeLibraryLoader/]: -Dio.netty.native.detectNativeLibraryDuplicates: true
[25Jul2025 01:37:31.123] [Server thread/DEBUG] [io.netty.util.internal.NativeLibraryLoader/]: Successfully loaded the library /tmp/libnetty_transport_native_epoll_x86_6415717435658953175254.so
[25Jul2025 01:37:31.130] [Server thread/DEBUG] [io.netty.util.NetUtil/]: -Djava.net.preferIPv4Stack: false
[25Jul2025 01:37:31.130] [Server thread/DEBUG] [io.netty.util.NetUtil/]: -Djava.net.preferIPv6Addresses: true
[25Jul2025 01:37:31.132] [Server thread/DEBUG] [io.netty.util.NetUtilInitializations/]: Loopback interface: lo (lo, 0:0:0:0:0:0:0:1%lo)
[25Jul2025 01:37:31.132] [Server thread/DEBUG] [io.netty.util.NetUtil/]: /proc/sys/net/core/somaxconn: 4096
[25Jul2025 01:37:31.139] [Server thread/INFO] [net.minecraft.server.network.ServerConnectionListener/]: Using epoll channel type
[25Jul2025 01:37:31.163] [Server thread/DEBUG] [io.netty.channel.MultithreadEventLoopGroup/]: -Dio.netty.eventLoopThreads: 4
[25Jul2025 01:37:31.176] [Server thread/DEBUG] [io.netty.util.internal.InternalThreadLocalMap/]: -Dio.netty.threadLocalMap.stringBuilder.initialSize: 1024
[25Jul2025 01:37:31.176] [Server thread/DEBUG] [io.netty.util.internal.InternalThreadLocalMap/]: -Dio.netty.threadLocalMap.stringBuilder.maxSize: 4096
[25Jul2025 01:37:31.190] [Server thread/DEBUG] [io.netty.util.internal.PlatformDependent/]: org.jctools-core.MpscChunkedArrayQueue: available
[25Jul2025 01:37:31.199] [Server thread/DEBUG] [io.netty.channel.DefaultChannelId/]: -Dio.netty.processId: 3884 (auto-detected)
[25Jul2025 01:37:31.201] [Server thread/DEBUG] [io.netty.channel.DefaultChannelId/]: -Dio.netty.machineId: 7c:1e:52:ff:fe:ad:d1:79 (auto-detected)
[25Jul2025 01:37:31.345] [Server thread/DEBUG] [io.netty.buffer.PooledByteBufAllocator/]: -Dio.netty.allocator.numHeapArenas: 4
[25Jul2025 01:37:31.345] [Server thread/DEBUG] [io.netty.buffer.PooledByteBufAllocator/]: -Dio.netty.allocator.numDirectArenas: 4
[25Jul2025 01:37:31.345] [Server thread/DEBUG] [io.netty.buffer.PooledByteBufAllocator/]: -Dio.netty.allocator.pageSize: 8192
[25Jul2025 01:37:31.345] [Server thread/DEBUG] [io.netty.buffer.PooledByteBufAllocator/]: -Dio.netty.allocator.maxOrder: 9
[25Jul2025 01:37:31.346] [Server thread/DEBUG] [io.netty.buffer.PooledByteBufAllocator/]: -Dio.netty.allocator.chunkSize: 4194304
[25Jul2025 01:37:31.346] [Server thread/DEBUG] [io.netty.buffer.PooledByteBufAllocator/]: -Dio.netty.allocator.smallCacheSize: 256
[25Jul2025 01:37:31.346] [Server thread/DEBUG] [io.netty.buffer.PooledByteBufAllocator/]: -Dio.netty.allocator.normalCacheSize: 64
[25Jul2025 01:37:31.346] [Server thread/DEBUG] [io.netty.buffer.PooledByteBufAllocator/]: -Dio.netty.allocator.maxCachedBufferCapacity: 32768
[25Jul2025 01:37:31.346] [Server thread/DEBUG] [io.netty.buffer.PooledByteBufAllocator/]: -Dio.netty.allocator.cacheTrimInterval: 8192
[25Jul2025 01:37:31.346] [Server thread/DEBUG] [io.netty.buffer.PooledByteBufAllocator/]: -Dio.netty.allocator.cacheTrimIntervalMillis: 0
[25Jul2025 01:37:31.346] [Server thread/DEBUG] [io.netty.buffer.PooledByteBufAllocator/]: -Dio.netty.allocator.useCacheForAllThreads: false
[25Jul2025 01:37:31.346] [Server thread/DEBUG] [io.netty.buffer.PooledByteBufAllocator/]: -Dio.netty.allocator.maxCachedByteBuffersPerChunk: 1023
[25Jul2025 01:37:31.356] [Server thread/DEBUG] [io.netty.buffer.ByteBufUtil/]: -Dio.netty.allocator.type: pooled
[25Jul2025 01:37:31.356] [Server thread/DEBUG] [io.netty.buffer.ByteBufUtil/]: -Dio.netty.threadLocalDirectBufferSize: 0
[25Jul2025 01:37:31.357] [Server thread/DEBUG] [io.netty.buffer.ByteBufUtil/]: -Dio.netty.maxThreadLocalCharBufferSize: 16384
[25Jul2025 01:37:31.397] [Server thread/WARN] [net.minecraft.server.dedicated.DedicatedServer/]: **** SERVER IS RUNNING IN OFFLINE/INSECURE MODE!
[25Jul2025 01:37:31.397] [Server thread/WARN] [net.minecraft.server.dedicated.DedicatedServer/]: The server will make no attempt to authenticate usernames. Beware.
[25Jul2025 01:37:31.398] [Server thread/WARN] [net.minecraft.server.dedicated.DedicatedServer/]: While this makes the game possible to play without internet access, it also opens up the ability for hackers to connect with any username they choose.
[25Jul2025 01:37:31.399] [Server thread/WARN] [net.minecraft.server.dedicated.DedicatedServer/]: To change this, set "online-mode" to "true" in the server.properties file.
[25Jul2025 01:37:31.442] [Server thread/DEBUG] [net.minecraftforge.fml.config.ConfigTracker/CONFIG]: Loading configs type SERVER
[25Jul2025 01:37:31.442] [Server thread/DEBUG] [net.minecraftforge.fml.config.ConfigFileTypeHandler/CONFIG]: Built TOML config for ./world/serverconfig/jei-server.toml
[25Jul2025 01:37:31.443] [Server thread/DEBUG] [net.minecraftforge.fml.config.ConfigFileTypeHandler/CONFIG]: Loaded TOML config file ./world/serverconfig/jei-server.toml
[25Jul2025 01:37:31.443] [Server thread/DEBUG] [net.minecraftforge.fml.config.ConfigFileTypeHandler/CONFIG]: Watching TOML config file ./world/serverconfig/jei-server.toml for changes
[25Jul2025 01:37:31.445] [Server thread/DEBUG] [net.minecraftforge.fml.config.ConfigFileTypeHandler/CONFIG]: Built TOML config for ./world/serverconfig/forge-server.toml
[25Jul2025 01:37:31.447] [Server thread/DEBUG] [net.minecraftforge.fml.config.ConfigFileTypeHandler/CONFIG]: Loaded TOML config file ./world/serverconfig/forge-server.toml
[25Jul2025 01:37:31.447] [Server thread/DEBUG] [net.minecraftforge.fml.config.ConfigFileTypeHandler/CONFIG]: Watching TOML config file ./world/serverconfig/forge-server.toml for changes
[25Jul2025 01:37:31.447] [Server thread/DEBUG] [net.minecraftforge.common.ForgeConfig/FORGEMOD]: Loaded forge config file forge-server.toml
[25Jul2025 01:37:31.448] [Thread-1/DEBUG] [net.minecraftforge.fml.config.ConfigFileTypeHandler/CONFIG]: Config file forge-server.toml changed, sending notifies
[25Jul2025 01:37:31.448] [Thread-1/DEBUG] [net.minecraftforge.common.ForgeConfig/FORGEMOD]: Forge config just got changed on the file system!
[25Jul2025 01:37:31.567] [Server thread/INFO] [terrablender/]: Registered region minecraft:overworld to index 0 for type OVERWORLD
[25Jul2025 01:37:31.570] [Server thread/INFO] [terrablender/]: Registered region minecraft:nether to index 0 for type NETHER
[25Jul2025 01:37:31.907] [Server thread/INFO] [terrablender/]: Initialized TerraBlender biomes for level stem minecraft:overworld
[25Jul2025 01:37:31.911] [Server thread/INFO] [terrablender/]: Initialized TerraBlender biomes for level stem minecraft:the_nether
[25Jul2025 01:37:31.912] [Server thread/INFO] [net.minecraft.server.dedicated.DedicatedServer/]: Preparing level "world"
[25Jul2025 01:37:31.927] [Server thread/DEBUG] [net.minecraftforge.coremod.transformer.CoreModBaseTransformer/COREMOD]: Transforming net/minecraft/world/level/levelgen/PhantomSpawner
[25Jul2025 01:37:31.952] [Server thread/DEBUG] [net.minecraftforge.coremod.transformer.CoreModBaseTransformer/COREMOD]: Transforming net/minecraft/world/level/levelgen/PatrolSpawner
[25Jul2025 01:37:31.973] [Server thread/DEBUG] [net.minecraftforge.coremod.transformer.CoreModBaseTransformer/COREMOD]: Transforming net/minecraft/world/entity/npc/CatSpawner
[25Jul2025 01:37:31.993] [Server thread/DEBUG] [net.minecraftforge.coremod.transformer.CoreModBaseTransformer/COREMOD]: Transforming net/minecraft/world/entity/ai/village/VillageSiege
[25Jul2025 01:37:32.081] [Server thread/DEBUG] [mixin/]: Mixing PersistentEntitySectionManagerMixin from jcraft.mixins.json into net.minecraft.world.level.entity.PersistentEntitySectionManager
[25Jul2025 01:37:32.405] [Server thread/DEBUG] [mixin/]: Mixing ChunkLightProviderAccessor from jcraft.mixins.json into net.minecraft.world.level.lighting.LightEngine
[25Jul2025 01:37:32.411] [Server thread/DEBUG] [mixin/]: Mixing LightStorageAccessor from jcraft.mixins.json into net.minecraft.world.level.lighting.LayerLightSectionStorage
[25Jul2025 01:37:37.841] [Netty Epoll Server IO #1/DEBUG] [io.netty.util.Recycler/]: -Dio.netty.recycler.maxCapacityPerThread: 4096
[25Jul2025 01:37:37.844] [Netty Epoll Server IO #1/DEBUG] [io.netty.util.Recycler/]: -Dio.netty.recycler.ratio: 8
[25Jul2025 01:37:37.844] [Netty Epoll Server IO #1/DEBUG] [io.netty.util.Recycler/]: -Dio.netty.recycler.chunkSize: 32
[25Jul2025 01:37:37.845] [Netty Epoll Server IO #1/DEBUG] [io.netty.util.Recycler/]: -Dio.netty.recycler.blocking: false
[25Jul2025 01:37:37.855] [Netty Epoll Server IO #1/DEBUG] [io.netty.buffer.AbstractByteBuf/]: -Dio.netty.buffer.checkAccessible: true
[25Jul2025 01:37:37.857] [Netty Epoll Server IO #1/DEBUG] [io.netty.buffer.AbstractByteBuf/]: -Dio.netty.buffer.checkBounds: true
[25Jul2025 01:37:37.858] [Netty Epoll Server IO #1/DEBUG] [io.netty.util.ResourceLeakDetectorFactory/]: Loaded default ResourceLeakDetector: io.netty.util.ResourceLeakDetector@2883df2c
[25Jul2025 01:37:37.887] [Netty Epoll Server IO #1/INFO] [net.minecraftforge.server.ServerLifecycleHooks/SERVERHOOKS]: Disconnecting Player (server is still starting): literal{Server is still starting! Please wait before reconnecting.}
[25Jul2025 01:37:40.318] [Server thread/INFO] [net.minecraft.server.MinecraftServer/]: Preparing start region for dimension minecraft:overworld
[25Jul2025 01:37:41.532] [Server thread/DEBUG] [mixin/]: Mixing MixinChunkSerializer from architectury.mixins.json into net.minecraft.world.level.chunk.storage.ChunkSerializer
[25Jul2025 01:37:46.017] [Worker-Main-1/INFO] [net.minecraft.server.level.progress.LoggerChunkProgressListener/]: Preparing spawn area: 0%
[25Jul2025 01:37:46.030] [Worker-Main-1/INFO] [net.minecraft.server.level.progress.LoggerChunkProgressListener/]: Preparing spawn area: 0%
[25Jul2025 01:37:46.063] [Worker-Main-1/INFO] [net.minecraft.server.level.progress.LoggerChunkProgressListener/]: Preparing spawn area: 0%
[25Jul2025 01:37:46.066] [Worker-Main-1/INFO] [net.minecraft.server.level.progress.LoggerChunkProgressListener/]: Preparing spawn area: 0%
[25Jul2025 01:37:46.069] [Worker-Main-1/INFO] [net.minecraft.server.level.progress.LoggerChunkProgressListener/]: Preparing spawn area: 0%
[25Jul2025 01:37:46.072] [Worker-Main-1/INFO] [net.minecraft.server.level.progress.LoggerChunkProgressListener/]: Preparing spawn area: 0%
[25Jul2025 01:37:46.075] [Worker-Main-1/INFO] [net.minecraft.server.level.progress.LoggerChunkProgressListener/]: Preparing spawn area: 0%
[25Jul2025 01:37:46.077] [Worker-Main-1/INFO] [net.minecraft.server.level.progress.LoggerChunkProgressListener/]: Preparing spawn area: 0%
[25Jul2025 01:37:46.080] [Worker-Main-1/INFO] [net.minecraft.server.level.progress.LoggerChunkProgressListener/]: Preparing spawn area: 0%
[25Jul2025 01:37:46.083] [Worker-Main-1/INFO] [net.minecraft.server.level.progress.LoggerChunkProgressListener/]: Preparing spawn area: 0%
[25Jul2025 01:37:46.085] [Worker-Main-1/INFO] [net.minecraft.server.level.progress.LoggerChunkProgressListener/]: Preparing spawn area: 0%
[25Jul2025 01:37:46.088] [Worker-Main-1/INFO] [net.minecraft.server.level.progress.LoggerChunkProgressListener/]: Preparing spawn area: 0%
[25Jul2025 01:37:46.373] [Worker-Main-1/INFO] [net.minecraft.server.level.progress.LoggerChunkProgressListener/]: Preparing spawn area: 0%
[25Jul2025 01:37:46.830] [Worker-Main-1/INFO] [net.minecraft.server.level.progress.LoggerChunkProgressListener/]: Preparing spawn area: 0%
[25Jul2025 01:37:47.320] [Worker-Main-1/INFO] [net.minecraft.server.level.progress.LoggerChunkProgressListener/]: Preparing spawn area: 0%
[25Jul2025 01:37:47.822] [Worker-Main-1/INFO] [net.minecraft.server.level.progress.LoggerChunkProgressListener/]: Preparing spawn area: 0%
[25Jul2025 01:37:48.007] [Server thread/DEBUG] [net.minecraftforge.coremod.transformer.CoreModBaseTransformer/COREMOD]: Transforming net/minecraft/world/level/levelgen/structure/templatesystem/StructureTemplate
[25Jul2025 01:37:48.325] [Worker-Main-1/INFO] [net.minecraft.server.level.progress.LoggerChunkProgressListener/]: Preparing spawn area: 0%
[25Jul2025 01:37:48.891] [Worker-Main-1/INFO] [net.minecraft.server.level.progress.LoggerChunkProgressListener/]: Preparing spawn area: 0%
[25Jul2025 01:37:49.326] [Worker-Main-1/INFO] [net.minecraft.server.level.progress.LoggerChunkProgressListener/]: Preparing spawn area: 0%
[25Jul2025 01:37:49.820] [Worker-Main-1/INFO] [net.minecraft.server.level.progress.LoggerChunkProgressListener/]: Preparing spawn area: 0%
[25Jul2025 01:37:50.319] [Worker-Main-1/INFO] [net.minecraft.server.level.progress.LoggerChunkProgressListener/]: Preparing spawn area: 0%
[25Jul2025 01:37:51.108] [Worker-Main-1/INFO] [net.minecraft.server.level.progress.LoggerChunkProgressListener/]: Preparing spawn area: 0%
[25Jul2025 01:37:51.382] [Server thread/DEBUG] [mixin/]: Mixing WalkNodeEvaluatorMixin from jcraft-forge.mixins.json into net.minecraft.world.level.pathfinder.WalkNodeEvaluator
[25Jul2025 01:37:51.383] [Server thread/DEBUG] [mixin/]: jcraft-forge.mixins.json:WalkNodeEvaluatorMixin: Class version 61 required is higher than the class version supported by the current version of Mixin (JAVA_8 supports class version 52)
[25Jul2025 01:37:51.746] [Server thread/INFO] [net.minecraft.server.level.progress.LoggerChunkProgressListener/]: Time elapsed: 11427 ms
[25Jul2025 01:37:51.747] [Server thread/INFO] [net.minecraft.server.dedicated.DedicatedServer/]: Done (20.306s)! For help, type "help"
[25Jul2025 01:37:51.762] [Server thread/DEBUG] [net.minecraftforge.network.DualStackUtils/]: Detected IPv6 address: "0:0:0:0:0:0:0:0"
[25Jul2025 01:37:51.800] [Server thread/DEBUG] [net.minecraftforge.common.ForgeI18n/CORE]: Loading I18N data entries: 3053
[25Jul2025 01:37:51.807] [Server thread/INFO] [net.minecraftforge.server.permission.PermissionAPI/]: Successfully initialized permission handler forge:default_handler
[25Jul2025 01:37:51.990] [Server thread/DEBUG] [net.minecraftforge.coremod.transformer.CoreModBaseTransformer/COREMOD]: Transforming net/minecraft/world/level/NaturalSpawner
[25Jul2025 01:37:58.212] [Netty Epoll Server IO #3/DEBUG] [net.minecraftforge.network.HandshakeHandler/FMLHANDSHAKE]: Starting new modded impl connection. Found 28 messages to dispatch.
[25Jul2025 01:37:58.242] [Server thread/DEBUG] [net.minecraftforge.network.HandshakeHandler/FMLHANDSHAKE]: Sending ticking packet info 'net.minecraftforge.network.HandshakeMessages$S2CModData' to 'fml:handshake' sequence 0
[25Jul2025 01:37:58.286] [Server thread/DEBUG] [net.minecraftforge.network.HandshakeHandler/FMLHANDSHAKE]: Sending ticking packet info 'net.minecraftforge.network.HandshakeMessages$S2CModList' to 'fml:handshake' sequence 1
[25Jul2025 01:37:58.345] [Server thread/DEBUG] [net.minecraftforge.network.HandshakeHandler/FMLHANDSHAKE]: Sending ticking packet info 'Registry minecraft:command_argument_type' to 'fml:handshake' sequence 2
[25Jul2025 01:37:58.396] [Server thread/DEBUG] [net.minecraftforge.network.HandshakeHandler/FMLHANDSHAKE]: Sending ticking packet info 'Registry jcraft:stand_type' to 'fml:handshake' sequence 3
[25Jul2025 01:37:58.434] [Netty Epoll Server IO #3/DEBUG] [net.minecraftforge.network.LoginWrapper/FMLHANDSHAKE]: Recieved login wrapper packet event for channel fml:handshake with index 1
[25Jul2025 01:37:58.439] [Netty Epoll Server IO #3/DEBUG] [net.minecraftforge.network.HandshakeHandler/FMLHANDSHAKE]: Received client indexed reply 1 of type net.minecraftforge.network.HandshakeMessages$C2SModListReply
[25Jul2025 01:37:58.442] [Netty Epoll Server IO #3/DEBUG] [net.minecraftforge.network.HandshakeHandler/FMLHANDSHAKE]: Received client connection with modlist [minecraft, mixinextras, mowziesmobs, terrablender, geckolib, architectury, playeranimator, elementalcreepers, jei, azurelib, cloth_config, forge, luckytntmod, xaerominimap, luckytntlib, jcraft, trimmed, dungeons_arise]
[25Jul2025 01:37:58.443] [Netty Epoll Server IO #3/DEBUG] [net.minecraftforge.network.NetworkRegistry/NETREGISTRY]: Channel 'fml:loginwrapper' : Version test of 'FML3' from client : ACCEPTED
[25Jul2025 01:37:58.446] [Netty Epoll Server IO #3/DEBUG] [net.minecraftforge.network.NetworkRegistry/NETREGISTRY]: Channel 'forge:tier_sorting' : Version test of '1.0' from client : ACCEPTED
[25Jul2025 01:37:58.447] [Netty Epoll Server IO #3/DEBUG] [net.minecraftforge.network.NetworkRegistry/NETREGISTRY]: Channel 'architectury:network' : Version test of '1' from client : ACCEPTED
[25Jul2025 01:37:58.447] [Netty Epoll Server IO #3/DEBUG] [net.minecraftforge.network.NetworkRegistry/NETREGISTRY]: Channel 'jei:channel' : Version test of '1.0.0' from client : ACCEPTED
[25Jul2025 01:37:58.447] [Netty Epoll Server IO #3/DEBUG] [net.minecraftforge.network.NetworkRegistry/NETREGISTRY]: Channel 'mowziesmobs:net' : Version test of '1' from client : ACCEPTED
[25Jul2025 01:37:58.447] [Netty Epoll Server IO #3/DEBUG] [net.minecraftforge.network.NetworkRegistry/NETREGISTRY]: Channel 'minecraft:unregister' : Version test of 'FML3' from client : ACCEPTED
[25Jul2025 01:37:58.447] [Netty Epoll Server IO #3/DEBUG] [net.minecraftforge.network.NetworkRegistry/NETREGISTRY]: Channel 'fml:play' : Version test of 'FML3' from client : ACCEPTED
[25Jul2025 01:37:58.447] [Netty Epoll Server IO #3/DEBUG] [net.minecraftforge.network.NetworkRegistry/NETREGISTRY]: Channel 'xaerominimap:main' : Version test of '1.0' from client : ACCEPTED
[25Jul2025 01:37:58.447] [Netty Epoll Server IO #3/DEBUG] [net.minecraftforge.network.NetworkRegistry/NETREGISTRY]: Channel 'azurelib:main' : Version test of '1' from client : ACCEPTED
[25Jul2025 01:37:58.447] [Netty Epoll Server IO #3/DEBUG] [net.minecraftforge.network.NetworkRegistry/NETREGISTRY]: Channel 'azurelib:network_channel' : Version test of '2.0.0' from client : ACCEPTED
[25Jul2025 01:37:58.447] [Netty Epoll Server IO #3/DEBUG] [net.minecraftforge.network.NetworkRegistry/NETREGISTRY]: Channel 'fml:handshake' : Version test of 'FML3' from client : ACCEPTED
[25Jul2025 01:37:58.447] [Netty Epoll Server IO #3/DEBUG] [net.minecraftforge.network.NetworkRegistry/NETREGISTRY]: Channel 'minecraft:register' : Version test of 'FML3' from client : ACCEPTED
[25Jul2025 01:37:58.447] [Netty Epoll Server IO #3/DEBUG] [net.minecraftforge.network.NetworkRegistry/NETREGISTRY]: Channel 'forge:split' : Version test of '1.1' from client : ACCEPTED
[25Jul2025 01:37:58.447] [Netty Epoll Server IO #3/DEBUG] [net.minecraftforge.network.NetworkRegistry/NETREGISTRY]: Channel 'geckolib:main' : Version test of '1' from client : ACCEPTED
[25Jul2025 01:37:58.447] [Netty Epoll Server IO #3/DEBUG] [net.minecraftforge.network.NetworkRegistry/NETREGISTRY]: Channel 'luckytntmod:main' : Version test of '1' from client : ACCEPTED
[25Jul2025 01:37:58.447] [Netty Epoll Server IO #3/DEBUG] [net.minecraftforge.network.NetworkRegistry/NETREGISTRY]: Accepting channel list from client
[25Jul2025 01:37:58.448] [Netty Epoll Server IO #3/DEBUG] [net.minecraftforge.network.HandshakeHandler/FMLHANDSHAKE]: Accepted client connection mod list
[25Jul2025 01:37:58.450] [Server thread/DEBUG] [net.minecraftforge.network.HandshakeHandler/FMLHANDSHAKE]: Sending ticking packet info 'Registry minecraft:recipe_serializer' to 'fml:handshake' sequence 4
[25Jul2025 01:37:58.461] [Netty Epoll Server IO #3/DEBUG] [net.minecraftforge.network.LoginWrapper/FMLHANDSHAKE]: Recieved login wrapper packet event for channel fml:handshake with index 2
[25Jul2025 01:37:58.462] [Netty Epoll Server IO #3/DEBUG] [net.minecraftforge.network.HandshakeHandler/FMLHANDSHAKE]: Received client indexed reply 2 of type net.minecraftforge.network.HandshakeMessages$C2SAcknowledge
[25Jul2025 01:37:58.462] [Netty Epoll Server IO #3/DEBUG] [net.minecraftforge.network.HandshakeHandler/FMLHANDSHAKE]: Received acknowledgement from client
[25Jul2025 01:37:58.486] [Server thread/DEBUG] [net.minecraftforge.network.HandshakeHandler/FMLHANDSHAKE]: Sending ticking packet info 'Registry minecraft:sound_event' to 'fml:handshake' sequence 5
[25Jul2025 01:37:58.511] [Netty Epoll Server IO #3/DEBUG] [net.minecraftforge.network.LoginWrapper/FMLHANDSHAKE]: Recieved login wrapper packet event for channel fml:handshake with index 3
[25Jul2025 01:37:58.511] [Netty Epoll Server IO #3/DEBUG] [net.minecraftforge.network.HandshakeHandler/FMLHANDSHAKE]: Received client indexed reply 3 of type net.minecraftforge.network.HandshakeMessages$C2SAcknowledge
[25Jul2025 01:37:58.511] [Netty Epoll Server IO #3/DEBUG] [net.minecraftforge.network.HandshakeHandler/FMLHANDSHAKE]: Received acknowledgement from client
[25Jul2025 01:37:58.541] [Server thread/DEBUG] [net.minecraftforge.network.HandshakeHandler/FMLHANDSHAKE]: Sending ticking packet info 'Registry minecraft:particle_type' to 'fml:handshake' sequence 6
[25Jul2025 01:37:58.574] [Netty Epoll Server IO #3/DEBUG] [net.minecraftforge.network.LoginWrapper/FMLHANDSHAKE]: Recieved login wrapper packet event for channel fml:handshake with index 4
[25Jul2025 01:37:58.575] [Netty Epoll Server IO #3/DEBUG] [net.minecraftforge.network.HandshakeHandler/FMLHANDSHAKE]: Received client indexed reply 4 of type net.minecraftforge.network.HandshakeMessages$C2SAcknowledge
[25Jul2025 01:37:58.575] [Netty Epoll Server IO #3/DEBUG] [net.minecraftforge.network.HandshakeHandler/FMLHANDSHAKE]: Received acknowledgement from client
[25Jul2025 01:37:58.587] [Server thread/DEBUG] [net.minecraftforge.network.HandshakeHandler/FMLHANDSHAKE]: Sending ticking packet info 'Registry minecraft:villager_profession' to 'fml:handshake' sequence 7
[25Jul2025 01:37:58.635] [Server thread/DEBUG] [net.minecraftforge.network.HandshakeHandler/FMLHANDSHAKE]: Sending ticking packet info 'Registry minecraft:item' to 'fml:handshake' sequence 8
[25Jul2025 01:37:58.683] [Server thread/DEBUG] [net.minecraftforge.network.HandshakeHandler/FMLHANDSHAKE]: Sending ticking packet info 'Registry minecraft:potion' to 'fml:handshake' sequence 9
[25Jul2025 01:37:58.740] [Server thread/DEBUG] [net.minecraftforge.network.HandshakeHandler/FMLHANDSHAKE]: Sending ticking packet info 'Registry minecraft:painting_variant' to 'fml:handshake' sequence 10
[25Jul2025 01:37:58.782] [Server thread/DEBUG] [net.minecraftforge.network.HandshakeHandler/FMLHANDSHAKE]: Sending ticking packet info 'Registry forge:fluid_type' to 'fml:handshake' sequence 11
[25Jul2025 01:37:58.818] [Netty Epoll Server IO #3/DEBUG] [net.minecraftforge.network.LoginWrapper/FMLHANDSHAKE]: Recieved login wrapper packet event for channel fml:handshake with index 5
[25Jul2025 01:37:58.818] [Netty Epoll Server IO #3/DEBUG] [net.minecraftforge.network.HandshakeHandler/FMLHANDSHAKE]: Received client indexed reply 5 of type net.minecraftforge.network.HandshakeMessages$C2SAcknowledge
[25Jul2025 01:37:58.818] [Netty Epoll Server IO #3/DEBUG] [net.minecraftforge.network.HandshakeHandler/FMLHANDSHAKE]: Received acknowledgement from client
[25Jul2025 01:37:58.818] [Netty Epoll Server IO #3/DEBUG] [net.minecraftforge.network.LoginWrapper/FMLHANDSHAKE]: Recieved login wrapper packet event for channel fml:handshake with index 6
[25Jul2025 01:37:58.818] [Netty Epoll Server IO #3/DEBUG] [net.minecraftforge.network.HandshakeHandler/FMLHANDSHAKE]: Received client indexed reply 6 of type net.minecraftforge.network.HandshakeMessages$C2SAcknowledge
[25Jul2025 01:37:58.818] [Netty Epoll Server IO #3/DEBUG] [net.minecraftforge.network.HandshakeHandler/FMLHANDSHAKE]: Received acknowledgement from client
[25Jul2025 01:37:58.818] [Netty Epoll Server IO #3/DEBUG] [net.minecraftforge.network.LoginWrapper/FMLHANDSHAKE]: Recieved login wrapper packet event for channel fml:handshake with index 7
[25Jul2025 01:37:58.818] [Netty Epoll Server IO #3/DEBUG] [net.minecraftforge.network.HandshakeHandler/FMLHANDSHAKE]: Received client indexed reply 7 of type net.minecraftforge.network.HandshakeMessages$C2SAcknowledge
[25Jul2025 01:37:58.819] [Netty Epoll Server IO #3/DEBUG] [net.minecraftforge.network.HandshakeHandler/FMLHANDSHAKE]: Received acknowledgement from client
[25Jul2025 01:37:58.832] [Server thread/DEBUG] [net.minecraftforge.network.HandshakeHandler/FMLHANDSHAKE]: Sending ticking packet info 'Registry minecraft:block_entity_type' to 'fml:handshake' sequence 12
[25Jul2025 01:37:58.882] [Server thread/DEBUG] [net.minecraftforge.network.HandshakeHandler/FMLHANDSHAKE]: Sending ticking packet info 'Registry forge:display_contexts' to 'fml:handshake' sequence 13
[25Jul2025 01:37:58.925] [Netty Epoll Server IO #3/DEBUG] [net.minecraftforge.network.LoginWrapper/FMLHANDSHAKE]: Recieved login wrapper packet event for channel fml:handshake with index 8
[25Jul2025 01:37:58.926] [Netty Epoll Server IO #3/DEBUG] [net.minecraftforge.network.HandshakeHandler/FMLHANDSHAKE]: Received client indexed reply 8 of type net.minecraftforge.network.HandshakeMessages$C2SAcknowledge
[25Jul2025 01:37:58.926] [Netty Epoll Server IO #3/DEBUG] [net.minecraftforge.network.HandshakeHandler/FMLHANDSHAKE]: Received acknowledgement from client
[25Jul2025 01:37:58.927] [Netty Epoll Server IO #3/DEBUG] [net.minecraftforge.network.LoginWrapper/FMLHANDSHAKE]: Recieved login wrapper packet event for channel fml:handshake with index 9
[25Jul2025 01:37:58.927] [Netty Epoll Server IO #3/DEBUG] [net.minecraftforge.network.HandshakeHandler/FMLHANDSHAKE]: Received client indexed reply 9 of type net.minecraftforge.network.HandshakeMessages$C2SAcknowledge
[25Jul2025 01:37:58.927] [Netty Epoll Server IO #3/DEBUG] [net.minecraftforge.network.HandshakeHandler/FMLHANDSHAKE]: Received acknowledgement from client
[25Jul2025 01:37:58.927] [Netty Epoll Server IO #3/DEBUG] [net.minecraftforge.network.LoginWrapper/FMLHANDSHAKE]: Recieved login wrapper packet event for channel fml:handshake with index 10
[25Jul2025 01:37:58.927] [Netty Epoll Server IO #3/DEBUG] [net.minecraftforge.network.HandshakeHandler/FMLHANDSHAKE]: Received client indexed reply 10 of type net.minecraftforge.network.HandshakeMessages$C2SAcknowledge
[25Jul2025 01:37:58.928] [Netty Epoll Server IO #3/DEBUG] [net.minecraftforge.network.HandshakeHandler/FMLHANDSHAKE]: Received acknowledgement from client
[25Jul2025 01:37:58.928] [Netty Epoll Server IO #3/DEBUG] [net.minecraftforge.network.LoginWrapper/FMLHANDSHAKE]: Recieved login wrapper packet event for channel fml:handshake with index 11
[25Jul2025 01:37:58.930] [Netty Epoll Server IO #3/DEBUG] [net.minecraftforge.network.HandshakeHandler/FMLHANDSHAKE]: Received client indexed reply 11 of type net.minecraftforge.network.HandshakeMessages$C2SAcknowledge
[25Jul2025 01:37:58.930] [Netty Epoll Server IO #3/DEBUG] [net.minecraftforge.network.HandshakeHandler/FMLHANDSHAKE]: Received acknowledgement from client
[25Jul2025 01:37:58.932] [Server thread/DEBUG] [net.minecraftforge.network.HandshakeHandler/FMLHANDSHAKE]: Sending ticking packet info 'Registry minecraft:block' to 'fml:handshake' sequence 14
[25Jul2025 01:37:58.935] [Netty Epoll Server IO #3/DEBUG] [net.minecraftforge.network.LoginWrapper/FMLHANDSHAKE]: Recieved login wrapper packet event for channel fml:handshake with index 12
[25Jul2025 01:37:58.935] [Netty Epoll Server IO #3/DEBUG] [net.minecraftforge.network.HandshakeHandler/FMLHANDSHAKE]: Received client indexed reply 12 of type net.minecraftforge.network.HandshakeMessages$C2SAcknowledge
[25Jul2025 01:37:58.935] [Netty Epoll Server IO #3/DEBUG] [net.minecraftforge.network.HandshakeHandler/FMLHANDSHAKE]: Received acknowledgement from client
[25Jul2025 01:37:58.980] [Server thread/DEBUG] [net.minecraftforge.network.HandshakeHandler/FMLHANDSHAKE]: Sending ticking packet info 'Registry jcraft:move_action_type' to 'fml:handshake' sequence 15
[25Jul2025 01:37:58.989] [Netty Epoll Server IO #3/DEBUG] [net.minecraftforge.network.LoginWrapper/FMLHANDSHAKE]: Recieved login wrapper packet event for channel fml:handshake with index 13
[25Jul2025 01:37:58.989] [Netty Epoll Server IO #3/DEBUG] [net.minecraftforge.network.HandshakeHandler/FMLHANDSHAKE]: Received client indexed reply 13 of type net.minecraftforge.network.HandshakeMessages$C2SAcknowledge
[25Jul2025 01:37:58.989] [Netty Epoll Server IO #3/DEBUG] [net.minecraftforge.network.HandshakeHandler/FMLHANDSHAKE]: Received acknowledgement from client
[25Jul2025 01:37:59.044] [Server thread/DEBUG] [net.minecraftforge.network.HandshakeHandler/FMLHANDSHAKE]: Sending ticking packet info 'Registry forge:entity_data_serializers' to 'fml:handshake' sequence 16
[25Jul2025 01:37:59.046] [Netty Epoll Server IO #3/DEBUG] [net.minecraftforge.network.LoginWrapper/FMLHANDSHAKE]: Recieved login wrapper packet event for channel fml:handshake with index 14
[25Jul2025 01:37:59.046] [Netty Epoll Server IO #3/DEBUG] [net.minecraftforge.network.HandshakeHandler/FMLHANDSHAKE]: Received client indexed reply 14 of type net.minecraftforge.network.HandshakeMessages$C2SAcknowledge
[25Jul2025 01:37:59.046] [Netty Epoll Server IO #3/DEBUG] [net.minecraftforge.network.HandshakeHandler/FMLHANDSHAKE]: Received acknowledgement from client
[25Jul2025 01:37:59.092] [Netty Epoll Server IO #3/DEBUG] [net.minecraftforge.network.LoginWrapper/FMLHANDSHAKE]: Recieved login wrapper packet event for channel fml:handshake with index 15
[25Jul2025 01:37:59.094] [Netty Epoll Server IO #3/DEBUG] [net.minecraftforge.network.HandshakeHandler/FMLHANDSHAKE]: Received client indexed reply 15 of type net.minecraftforge.network.HandshakeMessages$C2SAcknowledge
[25Jul2025 01:37:59.094] [Netty Epoll Server IO #3/DEBUG] [net.minecraftforge.network.HandshakeHandler/FMLHANDSHAKE]: Received acknowledgement from client
[25Jul2025 01:37:59.095] [Server thread/DEBUG] [net.minecraftforge.network.HandshakeHandler/FMLHANDSHAKE]: Sending ticking packet info 'Registry minecraft:mob_effect' to 'fml:handshake' sequence 17
[25Jul2025 01:37:59.127] [Server thread/DEBUG] [net.minecraftforge.network.HandshakeHandler/FMLHANDSHAKE]: Sending ticking packet info 'Registry minecraft:stat_type' to 'fml:handshake' sequence 18
[25Jul2025 01:37:59.155] [Netty Epoll Server IO #3/DEBUG] [net.minecraftforge.network.LoginWrapper/FMLHANDSHAKE]: Recieved login wrapper packet event for channel fml:handshake with index 16
[25Jul2025 01:37:59.156] [Netty Epoll Server IO #3/DEBUG] [net.minecraftforge.network.HandshakeHandler/FMLHANDSHAKE]: Received client indexed reply 16 of type net.minecraftforge.network.HandshakeMessages$C2SAcknowledge
[25Jul2025 01:37:59.156] [Netty Epoll Server IO #3/DEBUG] [net.minecraftforge.network.HandshakeHandler/FMLHANDSHAKE]: Received acknowledgement from client
[25Jul2025 01:37:59.178] [Server thread/DEBUG] [net.minecraftforge.network.HandshakeHandler/FMLHANDSHAKE]: Sending ticking packet info 'Registry minecraft:menu' to 'fml:handshake' sequence 19
[25Jul2025 01:37:59.205] [Netty Epoll Server IO #3/DEBUG] [net.minecraftforge.network.LoginWrapper/FMLHANDSHAKE]: Recieved login wrapper packet event for channel fml:handshake with index 17
[25Jul2025 01:37:59.205] [Netty Epoll Server IO #3/DEBUG] [net.minecraftforge.network.HandshakeHandler/FMLHANDSHAKE]: Received client indexed reply 17 of type net.minecraftforge.network.HandshakeMessages$C2SAcknowledge
[25Jul2025 01:37:59.205] [Netty Epoll Server IO #3/DEBUG] [net.minecraftforge.network.HandshakeHandler/FMLHANDSHAKE]: Received acknowledgement from client
[25Jul2025 01:37:59.229] [Server thread/DEBUG] [net.minecraftforge.network.HandshakeHandler/FMLHANDSHAKE]: Sending ticking packet info 'Registry jcraft:move_condition_type' to 'fml:handshake' sequence 20
[25Jul2025 01:37:59.230] [Netty Epoll Server IO #3/DEBUG] [net.minecraftforge.network.LoginWrapper/FMLHANDSHAKE]: Recieved login wrapper packet event for channel fml:handshake with index 18
[25Jul2025 01:37:59.230] [Netty Epoll Server IO #3/DEBUG] [net.minecraftforge.network.HandshakeHandler/FMLHANDSHAKE]: Received client indexed reply 18 of type net.minecraftforge.network.HandshakeMessages$C2SAcknowledge
[25Jul2025 01:37:59.230] [Netty Epoll Server IO #3/DEBUG] [net.minecraftforge.network.HandshakeHandler/FMLHANDSHAKE]: Received acknowledgement from client
[25Jul2025 01:37:59.277] [Server thread/DEBUG] [net.minecraftforge.network.HandshakeHandler/FMLHANDSHAKE]: Sending ticking packet info 'Registry minecraft:enchantment' to 'fml:handshake' sequence 21
[25Jul2025 01:37:59.289] [Netty Epoll Server IO #3/DEBUG] [net.minecraftforge.network.LoginWrapper/FMLHANDSHAKE]: Recieved login wrapper packet event for channel fml:handshake with index 19
[25Jul2025 01:37:59.289] [Netty Epoll Server IO #3/DEBUG] [net.minecraftforge.network.HandshakeHandler/FMLHANDSHAKE]: Received client indexed reply 19 of type net.minecraftforge.network.HandshakeMessages$C2SAcknowledge
[25Jul2025 01:37:59.290] [Netty Epoll Server IO #3/DEBUG] [net.minecraftforge.network.HandshakeHandler/FMLHANDSHAKE]: Received acknowledgement from client
[25Jul2025 01:37:59.329] [Server thread/DEBUG] [net.minecraftforge.network.HandshakeHandler/FMLHANDSHAKE]: Sending ticking packet info 'Registry jcraft:spec_type' to 'fml:handshake' sequence 22
[25Jul2025 01:37:59.345] [Netty Epoll Server IO #3/DEBUG] [net.minecraftforge.network.LoginWrapper/FMLHANDSHAKE]: Recieved login wrapper packet event for channel fml:handshake with index 20
[25Jul2025 01:37:59.345] [Netty Epoll Server IO #3/DEBUG] [net.minecraftforge.network.HandshakeHandler/FMLHANDSHAKE]: Received client indexed reply 20 of type net.minecraftforge.network.HandshakeMessages$C2SAcknowledge
[25Jul2025 01:37:59.345] [Netty Epoll Server IO #3/DEBUG] [net.minecraftforge.network.HandshakeHandler/FMLHANDSHAKE]: Received acknowledgement from client
[25Jul2025 01:37:59.380] [Netty Epoll Server IO #3/DEBUG] [net.minecraftforge.network.LoginWrapper/FMLHANDSHAKE]: Recieved login wrapper packet event for channel fml:handshake with index 21
[25Jul2025 01:37:59.381] [Netty Epoll Server IO #3/DEBUG] [net.minecraftforge.network.HandshakeHandler/FMLHANDSHAKE]: Received client indexed reply 21 of type net.minecraftforge.network.HandshakeMessages$C2SAcknowledge
[25Jul2025 01:37:59.381] [Netty Epoll Server IO #3/DEBUG] [net.minecraftforge.network.HandshakeHandler/FMLHANDSHAKE]: Received acknowledgement from client
[25Jul2025 01:37:59.382] [Server thread/DEBUG] [net.minecraftforge.network.HandshakeHandler/FMLHANDSHAKE]: Sending ticking packet info 'Registry jcraft:move_type' to 'fml:handshake' sequence 23
[25Jul2025 01:37:59.428] [Server thread/DEBUG] [net.minecraftforge.network.HandshakeHandler/FMLHANDSHAKE]: Sending ticking packet info 'Registry minecraft:fluid' to 'fml:handshake' sequence 24
[25Jul2025 01:37:59.440] [Netty Epoll Server IO #3/DEBUG] [net.minecraftforge.network.LoginWrapper/FMLHANDSHAKE]: Recieved login wrapper packet event for channel fml:handshake with index 22
[25Jul2025 01:37:59.440] [Netty Epoll Server IO #3/DEBUG] [net.minecraftforge.network.HandshakeHandler/FMLHANDSHAKE]: Received client indexed reply 22 of type net.minecraftforge.network.HandshakeMessages$C2SAcknowledge
[25Jul2025 01:37:59.441] [Netty Epoll Server IO #3/DEBUG] [net.minecraftforge.network.HandshakeHandler/FMLHANDSHAKE]: Received acknowledgement from client
[25Jul2025 01:37:59.489] [Netty Epoll Server IO #3/DEBUG] [net.minecraftforge.network.LoginWrapper/FMLHANDSHAKE]: Recieved login wrapper packet event for channel fml:handshake with index 23
[25Jul2025 01:37:59.489] [Netty Epoll Server IO #3/DEBUG] [net.minecraftforge.network.HandshakeHandler/FMLHANDSHAKE]: Received client indexed reply 23 of type net.minecraftforge.network.HandshakeMessages$C2SAcknowledge
[25Jul2025 01:37:59.489] [Netty Epoll Server IO #3/DEBUG] [net.minecraftforge.network.HandshakeHandler/FMLHANDSHAKE]: Received acknowledgement from client
[25Jul2025 01:37:59.489] [Server thread/DEBUG] [net.minecraftforge.network.HandshakeHandler/FMLHANDSHAKE]: Sending ticking packet info 'Registry minecraft:entity_type' to 'fml:handshake' sequence 25
[25Jul2025 01:37:59.539] [Server thread/DEBUG] [net.minecraftforge.network.HandshakeHandler/FMLHANDSHAKE]: Sending ticking packet info 'Config jei-server.toml' to 'fml:handshake' sequence 26
[25Jul2025 01:37:59.542] [Netty Epoll Server IO #3/DEBUG] [net.minecraftforge.network.LoginWrapper/FMLHANDSHAKE]: Recieved login wrapper packet event for channel fml:handshake with index 24
[25Jul2025 01:37:59.543] [Netty Epoll Server IO #3/DEBUG] [net.minecraftforge.network.HandshakeHandler/FMLHANDSHAKE]: Received client indexed reply 24 of type net.minecraftforge.network.HandshakeMessages$C2SAcknowledge
[25Jul2025 01:37:59.543] [Netty Epoll Server IO #3/DEBUG] [net.minecraftforge.network.HandshakeHandler/FMLHANDSHAKE]: Received acknowledgement from client
[25Jul2025 01:37:59.579] [Server thread/DEBUG] [net.minecraftforge.network.HandshakeHandler/FMLHANDSHAKE]: Sending ticking packet info 'Config forge-server.toml' to 'fml:handshake' sequence 27
[25Jul2025 01:38:00.743] [Netty Epoll Server IO #3/DEBUG] [net.minecraftforge.network.LoginWrapper/FMLHANDSHAKE]: Recieved login wrapper packet event for channel fml:handshake with index 25
[25Jul2025 01:38:00.743] [Netty Epoll Server IO #3/DEBUG] [net.minecraftforge.network.HandshakeHandler/FMLHANDSHAKE]: Received client indexed reply 25 of type net.minecraftforge.network.HandshakeMessages$C2SAcknowledge
[25Jul2025 01:38:00.743] [Netty Epoll Server IO #3/DEBUG] [net.minecraftforge.network.HandshakeHandler/FMLHANDSHAKE]: Received acknowledgement from client
[25Jul2025 01:38:00.750] [Netty Epoll Server IO #3/DEBUG] [net.minecraftforge.network.LoginWrapper/FMLHANDSHAKE]: Recieved login wrapper packet event for channel fml:handshake with index 26
[25Jul2025 01:38:00.750] [Netty Epoll Server IO #3/DEBUG] [net.minecraftforge.network.HandshakeHandler/FMLHANDSHAKE]: Received client indexed reply 26 of type net.minecraftforge.network.HandshakeMessages$C2SAcknowledge
[25Jul2025 01:38:00.750] [Netty Epoll Server IO #3/DEBUG] [net.minecraftforge.network.HandshakeHandler/FMLHANDSHAKE]: Received acknowledgement from client
[25Jul2025 01:38:00.750] [Netty Epoll Server IO #3/DEBUG] [net.minecraftforge.network.LoginWrapper/FMLHANDSHAKE]: Recieved login wrapper packet event for channel fml:handshake with index 27
[25Jul2025 01:38:00.750] [Netty Epoll Server IO #3/DEBUG] [net.minecraftforge.network.HandshakeHandler/FMLHANDSHAKE]: Received client indexed reply 27 of type net.minecraftforge.network.HandshakeMessages$C2SAcknowledge
[25Jul2025 01:38:00.750] [Netty Epoll Server IO #3/DEBUG] [net.minecraftforge.network.HandshakeHandler/FMLHANDSHAKE]: Received acknowledgement from client
[25Jul2025 01:38:00.773] [Server thread/DEBUG] [net.minecraftforge.network.HandshakeHandler/FMLHANDSHAKE]: Handshake complete!
[25Jul2025 01:38:00.857] [Server thread/DEBUG] [mixin/]: Mixing HungerManagerMixin from jcraft.mixins.json into net.minecraft.world.food.FoodData
[25Jul2025 01:38:00.961] [Server thread/INFO] [net.minecraft.server.players.PlayerList/]: Gaboooo[/127.204.18.73:45561] logged in with entity id 99 at (711.0018674912731, 87.0, 96.52986863632353)
[25Jul2025 01:38:00.973] [Server thread/DEBUG] [net.minecraftforge.network.filters.NetworkFilters/]: Injected net.minecraftforge.network.filters.ForgeConnectionNetworkFilter@11e3cdb7 into net.minecraft.network.Connection@a587117
[25Jul2025 01:38:01.168] [Server thread/INFO] [net.minecraft.server.MinecraftServer/]: Gaboooo joined the game
[25Jul2025 01:38:10.517] [Server thread/WARN] [net.minecraft.server.MinecraftServer/]: Can't keep up! Is the server overloaded? Running 9600ms or 192 ticks behind
[25Jul2025 01:38:11.197] [Server thread/DEBUG] [io.netty.util.internal.ThreadLocalRandom/]: -Dio.netty.initialSeedUniquifier: 0xfa70b054e8b18733
[25Jul2025 01:38:12.563] [Netty Epoll Server IO #0/DEBUG] [net.minecraftforge.network.HandshakeHandler/FMLHANDSHAKE]: Starting new modded impl connection. Found 28 messages to dispatch.
[25Jul2025 01:38:12.582] [Server thread/DEBUG] [net.minecraftforge.network.HandshakeHandler/FMLHANDSHAKE]: Sending ticking packet info 'net.minecraftforge.network.HandshakeMessages$S2CModData' to 'fml:handshake' sequence 0
[25Jul2025 01:38:12.611] [Server thread/DEBUG] [net.minecraftforge.network.HandshakeHandler/FMLHANDSHAKE]: Sending ticking packet info 'net.minecraftforge.network.HandshakeMessages$S2CModList' to 'fml:handshake' sequence 1
[25Jul2025 01:38:12.704] [Server thread/DEBUG] [net.minecraftforge.network.HandshakeHandler/FMLHANDSHAKE]: Sending ticking packet info 'Registry minecraft:command_argument_type' to 'fml:handshake' sequence 2
[25Jul2025 01:38:12.710] [Netty Epoll Server IO #0/DEBUG] [net.minecraftforge.network.LoginWrapper/FMLHANDSHAKE]: Recieved login wrapper packet event for channel fml:handshake with index 1
[25Jul2025 01:38:12.715] [Netty Epoll Server IO #0/DEBUG] [net.minecraftforge.network.HandshakeHandler/FMLHANDSHAKE]: Received client indexed reply 1 of type net.minecraftforge.network.HandshakeMessages$C2SModListReply
[25Jul2025 01:38:12.716] [Netty Epoll Server IO #0/DEBUG] [net.minecraftforge.network.HandshakeHandler/FMLHANDSHAKE]: Received client connection with modlist [minecraft, mowziesmobs, terrablender, geckolib, playeranimator, elementalcreepers, chunky, jei, luckytntmod, xaerominimap, luckytntlib, mixinextras, architectury, terralith, azurelib, cloth_config, forge, tlskincape, embeddium, rubidium, oculus, distanthorizons, jcraft, trimmed, tectonic]
[25Jul2025 01:38:12.717] [Netty Epoll Server IO #0/DEBUG] [net.minecraftforge.network.NetworkRegistry/NETREGISTRY]: Channel 'fml:loginwrapper' : Version test of 'FML3' from client : ACCEPTED
[25Jul2025 01:38:12.718] [Netty Epoll Server IO #0/DEBUG] [net.minecraftforge.network.NetworkRegistry/NETREGISTRY]: Channel 'forge:tier_sorting' : Version test of '1.0' from client : ACCEPTED
[25Jul2025 01:38:12.718] [Netty Epoll Server IO #0/DEBUG] [net.minecraftforge.network.NetworkRegistry/NETREGISTRY]: Channel 'architectury:network' : Version test of '1' from client : ACCEPTED
[25Jul2025 01:38:12.719] [Netty Epoll Server IO #0/DEBUG] [net.minecraftforge.network.NetworkRegistry/NETREGISTRY]: Channel 'jei:channel' : Version test of '1.0.0' from client : ACCEPTED
[25Jul2025 01:38:12.720] [Netty Epoll Server IO #0/DEBUG] [net.minecraftforge.network.NetworkRegistry/NETREGISTRY]: Channel 'mowziesmobs:net' : Version test of '1' from client : ACCEPTED
[25Jul2025 01:38:12.721] [Netty Epoll Server IO #0/DEBUG] [net.minecraftforge.network.NetworkRegistry/NETREGISTRY]: Channel 'minecraft:unregister' : Version test of 'FML3' from client : ACCEPTED
[25Jul2025 01:38:12.723] [Netty Epoll Server IO #0/DEBUG] [net.minecraftforge.network.NetworkRegistry/NETREGISTRY]: Channel 'fml:play' : Version test of 'FML3' from client : ACCEPTED
[25Jul2025 01:38:12.723] [Netty Epoll Server IO #0/DEBUG] [net.minecraftforge.network.NetworkRegistry/NETREGISTRY]: Channel 'xaerominimap:main' : Version test of '1.0' from client : ACCEPTED
[25Jul2025 01:38:12.724] [Netty Epoll Server IO #0/DEBUG] [net.minecraftforge.network.NetworkRegistry/NETREGISTRY]: Channel 'azurelib:main' : Version test of '1' from client : ACCEPTED
[25Jul2025 01:38:12.725] [Netty Epoll Server IO #0/DEBUG] [net.minecraftforge.network.NetworkRegistry/NETREGISTRY]: Channel 'azurelib:network_channel' : Version test of '2.0.0' from client : ACCEPTED
[25Jul2025 01:38:12.725] [Netty Epoll Server IO #0/DEBUG] [net.minecraftforge.network.NetworkRegistry/NETREGISTRY]: Channel 'fml:handshake' : Version test of 'FML3' from client : ACCEPTED
[25Jul2025 01:38:12.725] [Netty Epoll Server IO #0/DEBUG] [net.minecraftforge.network.NetworkRegistry/NETREGISTRY]: Channel 'minecraft:register' : Version test of 'FML3' from client : ACCEPTED
[25Jul2025 01:38:12.725] [Netty Epoll Server IO #0/DEBUG] [net.minecraftforge.network.NetworkRegistry/NETREGISTRY]: Channel 'forge:split' : Version test of '1.1' from client : ACCEPTED
[25Jul2025 01:38:12.725] [Netty Epoll Server IO #0/DEBUG] [net.minecraftforge.network.NetworkRegistry/NETREGISTRY]: Channel 'geckolib:main' : Version test of '1' from client : ACCEPTED
[25Jul2025 01:38:12.725] [Netty Epoll Server IO #0/DEBUG] [net.minecraftforge.network.NetworkRegistry/NETREGISTRY]: Channel 'luckytntmod:main' : Version test of '1' from client : ACCEPTED
[25Jul2025 01:38:12.725] [Netty Epoll Server IO #0/DEBUG] [net.minecraftforge.network.NetworkRegistry/NETREGISTRY]: Accepting channel list from client
[25Jul2025 01:38:12.725] [Netty Epoll Server IO #0/DEBUG] [net.minecraftforge.network.HandshakeHandler/FMLHANDSHAKE]: Accepted client connection mod list
[25Jul2025 01:38:12.790] [Server thread/DEBUG] [net.minecraftforge.network.HandshakeHandler/FMLHANDSHAKE]: Sending ticking packet info 'Registry jcraft:stand_type' to 'fml:handshake' sequence 3
[25Jul2025 01:38:12.804] [Netty Epoll Server IO #0/DEBUG] [net.minecraftforge.network.LoginWrapper/FMLHANDSHAKE]: Recieved login wrapper packet event for channel fml:handshake with index 2
[25Jul2025 01:38:12.804] [Netty Epoll Server IO #0/DEBUG] [net.minecraftforge.network.HandshakeHandler/FMLHANDSHAKE]: Received client indexed reply 2 of type net.minecraftforge.network.HandshakeMessages$C2SAcknowledge
[25Jul2025 01:38:12.805] [Netty Epoll Server IO #0/DEBUG] [net.minecraftforge.network.HandshakeHandler/FMLHANDSHAKE]: Received acknowledgement from client
[25Jul2025 01:38:12.825] [Server thread/DEBUG] [net.minecraftforge.network.HandshakeHandler/FMLHANDSHAKE]: Sending ticking packet info 'Registry minecraft:recipe_serializer' to 'fml:handshake' sequence 4
[25Jul2025 01:38:12.879] [Server thread/DEBUG] [net.minecraftforge.network.HandshakeHandler/FMLHANDSHAKE]: Sending ticking packet info 'Registry minecraft:sound_event' to 'fml:handshake' sequence 5
[25Jul2025 01:38:12.888] [Netty Epoll Server IO #0/DEBUG] [net.minecraftforge.network.LoginWrapper/FMLHANDSHAKE]: Recieved login wrapper packet event for channel fml:handshake with index 3
[25Jul2025 01:38:12.889] [Netty Epoll Server IO #0/DEBUG] [net.minecraftforge.network.HandshakeHandler/FMLHANDSHAKE]: Received client indexed reply 3 of type net.minecraftforge.network.HandshakeMessages$C2SAcknowledge
[25Jul2025 01:38:12.889] [Netty Epoll Server IO #0/DEBUG] [net.minecraftforge.network.HandshakeHandler/FMLHANDSHAKE]: Received acknowledgement from client
[25Jul2025 01:38:12.919] [Server thread/DEBUG] [net.minecraftforge.network.HandshakeHandler/FMLHANDSHAKE]: Sending ticking packet info 'Registry minecraft:particle_type' to 'fml:handshake' sequence 6
[25Jul2025 01:38:12.922] [Netty Epoll Server IO #0/DEBUG] [net.minecraftforge.network.LoginWrapper/FMLHANDSHAKE]: Recieved login wrapper packet event for channel fml:handshake with index 4
[25Jul2025 01:38:12.922] [Netty Epoll Server IO #0/DEBUG] [net.minecraftforge.network.HandshakeHandler/FMLHANDSHAKE]: Received client indexed reply 4 of type net.minecraftforge.network.HandshakeMessages$C2SAcknowledge
[25Jul2025 01:38:12.922] [Netty Epoll Server IO #0/DEBUG] [net.minecraftforge.network.HandshakeHandler/FMLHANDSHAKE]: Received acknowledgement from client
[25Jul2025 01:38:12.989] [Server thread/DEBUG] [net.minecraftforge.network.HandshakeHandler/FMLHANDSHAKE]: Sending ticking packet info 'Registry minecraft:villager_profession' to 'fml:handshake' sequence 7
[25Jul2025 01:38:13.033] [Server thread/DEBUG] [net.minecraftforge.network.HandshakeHandler/FMLHANDSHAKE]: Sending ticking packet info 'Registry minecraft:item' to 'fml:handshake' sequence 8
[25Jul2025 01:38:13.091] [Server thread/DEBUG] [net.minecraftforge.network.HandshakeHandler/FMLHANDSHAKE]: Sending ticking packet info 'Registry minecraft:potion' to 'fml:handshake' sequence 9
[25Jul2025 01:38:13.161] [Server thread/DEBUG] [net.minecraftforge.network.HandshakeHandler/FMLHANDSHAKE]: Sending ticking packet info 'Registry minecraft:painting_variant' to 'fml:handshake' sequence 10
[25Jul2025 01:38:13.168] [Netty Epoll Server IO #0/DEBUG] [net.minecraftforge.network.LoginWrapper/FMLHANDSHAKE]: Recieved login wrapper packet event for channel fml:handshake with index 5
[25Jul2025 01:38:13.168] [Netty Epoll Server IO #0/DEBUG] [net.minecraftforge.network.HandshakeHandler/FMLHANDSHAKE]: Received client indexed reply 5 of type net.minecraftforge.network.HandshakeMessages$C2SAcknowledge
[25Jul2025 01:38:13.168] [Netty Epoll Server IO #0/DEBUG] [net.minecraftforge.network.HandshakeHandler/FMLHANDSHAKE]: Received acknowledgement from client
[25Jul2025 01:38:13.168] [Netty Epoll Server IO #0/DEBUG] [net.minecraftforge.network.LoginWrapper/FMLHANDSHAKE]: Recieved login wrapper packet event for channel fml:handshake with index 6
[25Jul2025 01:38:13.168] [Netty Epoll Server IO #0/DEBUG] [net.minecraftforge.network.HandshakeHandler/FMLHANDSHAKE]: Received client indexed reply 6 of type net.minecraftforge.network.HandshakeMessages$C2SAcknowledge
[25Jul2025 01:38:13.170] [Netty Epoll Server IO #0/DEBUG] [net.minecraftforge.network.HandshakeHandler/FMLHANDSHAKE]: Received acknowledgement from client
[25Jul2025 01:38:13.170] [Netty Epoll Server IO #0/DEBUG] [net.minecraftforge.network.LoginWrapper/FMLHANDSHAKE]: Recieved login wrapper packet event for channel fml:handshake with index 7
[25Jul2025 01:38:13.171] [Netty Epoll Server IO #0/DEBUG] [net.minecraftforge.network.HandshakeHandler/FMLHANDSHAKE]: Received client indexed reply 7 of type net.minecraftforge.network.HandshakeMessages$C2SAcknowledge
[25Jul2025 01:38:13.171] [Netty Epoll Server IO #0/DEBUG] [net.minecraftforge.network.HandshakeHandler/FMLHANDSHAKE]: Received acknowledgement from client
[25Jul2025 01:38:13.192] [Server thread/DEBUG] [net.minecraftforge.network.HandshakeHandler/FMLHANDSHAKE]: Sending ticking packet info 'Registry forge:fluid_type' to 'fml:handshake' sequence 11
[25Jul2025 01:38:13.263] [Netty Epoll Server IO #0/DEBUG] [net.minecraftforge.network.LoginWrapper/FMLHANDSHAKE]: Recieved login wrapper packet event for channel fml:handshake with index 8
[25Jul2025 01:38:13.263] [Netty Epoll Server IO #0/DEBUG] [net.minecraftforge.network.HandshakeHandler/FMLHANDSHAKE]: Received client indexed reply 8 of type net.minecraftforge.network.HandshakeMessages$C2SAcknowledge
[25Jul2025 01:38:13.264] [Netty Epoll Server IO #0/DEBUG] [net.minecraftforge.network.HandshakeHandler/FMLHANDSHAKE]: Received acknowledgement from client
[25Jul2025 01:38:13.268] [Netty Epoll Server IO #0/DEBUG] [net.minecraftforge.network.LoginWrapper/FMLHANDSHAKE]: Recieved login wrapper packet event for channel fml:handshake with index 9
[25Jul2025 01:38:13.268] [Netty Epoll Server IO #0/DEBUG] [net.minecraftforge.network.HandshakeHandler/FMLHANDSHAKE]: Received client indexed reply 9 of type net.minecraftforge.network.HandshakeMessages$C2SAcknowledge
[25Jul2025 01:38:13.268] [Netty Epoll Server IO #0/DEBUG] [net.minecraftforge.network.HandshakeHandler/FMLHANDSHAKE]: Received acknowledgement from client
[25Jul2025 01:38:13.268] [Netty Epoll Server IO #0/DEBUG] [net.minecraftforge.network.LoginWrapper/FMLHANDSHAKE]: Recieved login wrapper packet event for channel fml:handshake with index 10
[25Jul2025 01:38:13.268] [Netty Epoll Server IO #0/DEBUG] [net.minecraftforge.network.HandshakeHandler/FMLHANDSHAKE]: Received client indexed reply 10 of type net.minecraftforge.network.HandshakeMessages$C2SAcknowledge
[25Jul2025 01:38:13.268] [Netty Epoll Server IO #0/DEBUG] [net.minecraftforge.network.HandshakeHandler/FMLHANDSHAKE]: Received acknowledgement from client
[25Jul2025 01:38:13.270] [Server thread/DEBUG] [net.minecraftforge.network.HandshakeHandler/FMLHANDSHAKE]: Sending ticking packet info 'Registry minecraft:block_entity_type' to 'fml:handshake' sequence 12
[25Jul2025 01:38:13.290] [Netty Epoll Server IO #0/DEBUG] [net.minecraftforge.network.LoginWrapper/FMLHANDSHAKE]: Recieved login wrapper packet event for channel fml:handshake with index 11
[25Jul2025 01:38:13.291] [Netty Epoll Server IO #0/DEBUG] [net.minecraftforge.network.HandshakeHandler/FMLHANDSHAKE]: Received client indexed reply 11 of type net.minecraftforge.network.HandshakeMessages$C2SAcknowledge
[25Jul2025 01:38:13.298] [Netty Epoll Server IO #0/DEBUG] [net.minecraftforge.network.HandshakeHandler/FMLHANDSHAKE]: Received acknowledgement from client
[25Jul2025 01:38:13.324] [Server thread/DEBUG] [net.minecraftforge.network.HandshakeHandler/FMLHANDSHAKE]: Sending ticking packet info 'Registry forge:display_contexts' to 'fml:handshake' sequence 13
[25Jul2025 01:38:13.357] [Server thread/DEBUG] [net.minecraftforge.network.HandshakeHandler/FMLHANDSHAKE]: Sending ticking packet info 'Registry minecraft:block' to 'fml:handshake' sequence 14
[25Jul2025 01:38:13.368] [Netty Epoll Server IO #0/DEBUG] [net.minecraftforge.network.LoginWrapper/FMLHANDSHAKE]: Recieved login wrapper packet event for channel fml:handshake with index 12
[25Jul2025 01:38:13.368] [Netty Epoll Server IO #0/DEBUG] [net.minecraftforge.network.HandshakeHandler/FMLHANDSHAKE]: Received client indexed reply 12 of type net.minecraftforge.network.HandshakeMessages$C2SAcknowledge
[25Jul2025 01:38:13.368] [Netty Epoll Server IO #0/DEBUG] [net.minecraftforge.network.HandshakeHandler/FMLHANDSHAKE]: Received acknowledgement from client
[25Jul2025 01:38:13.422] [Netty Epoll Server IO #0/DEBUG] [net.minecraftforge.network.LoginWrapper/FMLHANDSHAKE]: Recieved login wrapper packet event for channel fml:handshake with index 13
[25Jul2025 01:38:13.424] [Netty Epoll Server IO #0/DEBUG] [net.minecraftforge.network.HandshakeHandler/FMLHANDSHAKE]: Received client indexed reply 13 of type net.minecraftforge.network.HandshakeMessages$C2SAcknowledge
[25Jul2025 01:38:13.424] [Netty Epoll Server IO #0/DEBUG] [net.minecraftforge.network.HandshakeHandler/FMLHANDSHAKE]: Received acknowledgement from client
[25Jul2025 01:38:13.441] [Server thread/DEBUG] [net.minecraftforge.network.HandshakeHandler/FMLHANDSHAKE]: Sending ticking packet info 'Registry jcraft:move_action_type' to 'fml:handshake' sequence 15
[25Jul2025 01:38:13.462] [Netty Epoll Server IO #0/DEBUG] [net.minecraftforge.network.LoginWrapper/FMLHANDSHAKE]: Recieved login wrapper packet event for channel fml:handshake with index 14
[25Jul2025 01:38:13.462] [Netty Epoll Server IO #0/DEBUG] [net.minecraftforge.network.HandshakeHandler/FMLHANDSHAKE]: Received client indexed reply 14 of type net.minecraftforge.network.HandshakeMessages$C2SAcknowledge
[25Jul2025 01:38:13.462] [Netty Epoll Server IO #0/DEBUG] [net.minecraftforge.network.HandshakeHandler/FMLHANDSHAKE]: Received acknowledgement from client
[25Jul2025 01:38:13.487] [Server thread/DEBUG] [net.minecraftforge.network.HandshakeHandler/FMLHANDSHAKE]: Sending ticking packet info 'Registry forge:entity_data_serializers' to 'fml:handshake' sequence 16
[25Jul2025 01:38:13.543] [Netty Epoll Server IO #0/DEBUG] [net.minecraftforge.network.LoginWrapper/FMLHANDSHAKE]: Recieved login wrapper packet event for channel fml:handshake with index 15
[25Jul2025 01:38:13.545] [Netty Epoll Server IO #0/DEBUG] [net.minecraftforge.network.HandshakeHandler/FMLHANDSHAKE]: Received client indexed reply 15 of type net.minecraftforge.network.HandshakeMessages$C2SAcknowledge
[25Jul2025 01:38:13.545] [Netty Epoll Server IO #0/DEBUG] [net.minecraftforge.network.HandshakeHandler/FMLHANDSHAKE]: Received acknowledgement from client
[25Jul2025 01:38:13.558] [Server thread/DEBUG] [net.minecraftforge.network.HandshakeHandler/FMLHANDSHAKE]: Sending ticking packet info 'Registry minecraft:mob_effect' to 'fml:handshake' sequence 17
[25Jul2025 01:38:13.587] [Netty Epoll Server IO #0/DEBUG] [net.minecraftforge.network.LoginWrapper/FMLHANDSHAKE]: Recieved login wrapper packet event for channel fml:handshake with index 16
[25Jul2025 01:38:13.587] [Netty Epoll Server IO #0/DEBUG] [net.minecraftforge.network.HandshakeHandler/FMLHANDSHAKE]: Received client indexed reply 16 of type net.minecraftforge.network.HandshakeMessages$C2SAcknowledge
[25Jul2025 01:38:13.587] [Netty Epoll Server IO #0/DEBUG] [net.minecraftforge.network.HandshakeHandler/FMLHANDSHAKE]: Received acknowledgement from client
[25Jul2025 01:38:13.642] [Server thread/DEBUG] [net.minecraftforge.network.HandshakeHandler/FMLHANDSHAKE]: Sending ticking packet info 'Registry minecraft:stat_type' to 'fml:handshake' sequence 18
[25Jul2025 01:38:13.653] [Netty Epoll Server IO #0/DEBUG] [net.minecraftforge.network.LoginWrapper/FMLHANDSHAKE]: Recieved login wrapper packet event for channel fml:handshake with index 17
[25Jul2025 01:38:13.653] [Netty Epoll Server IO #0/DEBUG] [net.minecraftforge.network.HandshakeHandler/FMLHANDSHAKE]: Received client indexed reply 17 of type net.minecraftforge.network.HandshakeMessages$C2SAcknowledge
[25Jul2025 01:38:13.653] [Netty Epoll Server IO #0/DEBUG] [net.minecraftforge.network.HandshakeHandler/FMLHANDSHAKE]: Received acknowledgement from client
[25Jul2025 01:38:13.682] [Server thread/DEBUG] [net.minecraftforge.network.HandshakeHandler/FMLHANDSHAKE]: Sending ticking packet info 'Registry minecraft:menu' to 'fml:handshake' sequence 19
[25Jul2025 01:38:13.725] [Server thread/DEBUG] [net.minecraftforge.network.HandshakeHandler/FMLHANDSHAKE]: Sending ticking packet info 'Registry jcraft:move_condition_type' to 'fml:handshake' sequence 20
[25Jul2025 01:38:13.744] [Netty Epoll Server IO #0/DEBUG] [net.minecraftforge.network.LoginWrapper/FMLHANDSHAKE]: Recieved login wrapper packet event for channel fml:handshake with index 18
[25Jul2025 01:38:13.745] [Netty Epoll Server IO #0/DEBUG] [net.minecraftforge.network.HandshakeHandler/FMLHANDSHAKE]: Received client indexed reply 18 of type net.minecraftforge.network.HandshakeMessages$C2SAcknowledge
[25Jul2025 01:38:13.745] [Netty Epoll Server IO #0/DEBUG] [net.minecraftforge.network.HandshakeHandler/FMLHANDSHAKE]: Received acknowledgement from client
[25Jul2025 01:38:13.780] [Netty Epoll Server IO #0/DEBUG] [net.minecraftforge.network.LoginWrapper/FMLHANDSHAKE]: Recieved login wrapper packet event for channel fml:handshake with index 19
[25Jul2025 01:38:13.781] [Netty Epoll Server IO #0/DEBUG] [net.minecraftforge.network.HandshakeHandler/FMLHANDSHAKE]: Received client indexed reply 19 of type net.minecraftforge.network.HandshakeMessages$C2SAcknowledge
[25Jul2025 01:38:13.781] [Netty Epoll Server IO #0/DEBUG] [net.minecraftforge.network.HandshakeHandler/FMLHANDSHAKE]: Received acknowledgement from client
[25Jul2025 01:38:13.783] [Server thread/DEBUG] [net.minecraftforge.network.HandshakeHandler/FMLHANDSHAKE]: Sending ticking packet info 'Registry minecraft:enchantment' to 'fml:handshake' sequence 21
[25Jul2025 01:38:13.824] [Netty Epoll Server IO #0/DEBUG] [net.minecraftforge.network.LoginWrapper/FMLHANDSHAKE]: Recieved login wrapper packet event for channel fml:handshake with index 20
[25Jul2025 01:38:13.824] [Netty Epoll Server IO #0/DEBUG] [net.minecraftforge.network.HandshakeHandler/FMLHANDSHAKE]: Received client indexed reply 20 of type net.minecraftforge.network.HandshakeMessages$C2SAcknowledge
[25Jul2025 01:38:13.824] [Netty Epoll Server IO #0/DEBUG] [net.minecraftforge.network.HandshakeHandler/FMLHANDSHAKE]: Received acknowledgement from client
[25Jul2025 01:38:13.828] [Server thread/DEBUG] [net.minecraftforge.network.HandshakeHandler/FMLHANDSHAKE]: Sending ticking packet info 'Registry jcraft:spec_type' to 'fml:handshake' sequence 22
[25Jul2025 01:38:13.869] [Server thread/DEBUG] [net.minecraftforge.network.HandshakeHandler/FMLHANDSHAKE]: Sending ticking packet info 'Registry jcraft:move_type' to 'fml:handshake' sequence 23
[25Jul2025 01:38:13.881] [Netty Epoll Server IO #0/DEBUG] [net.minecraftforge.network.LoginWrapper/FMLHANDSHAKE]: Recieved login wrapper packet event for channel fml:handshake with index 21
[25Jul2025 01:38:13.882] [Netty Epoll Server IO #0/DEBUG] [net.minecraftforge.network.HandshakeHandler/FMLHANDSHAKE]: Received client indexed reply 21 of type net.minecraftforge.network.HandshakeMessages$C2SAcknowledge
[25Jul2025 01:38:13.882] [Netty Epoll Server IO #0/DEBUG] [net.minecraftforge.network.HandshakeHandler/FMLHANDSHAKE]: Received acknowledgement from client
[25Jul2025 01:38:13.906] [Server thread/DEBUG] [net.minecraftforge.network.HandshakeHandler/FMLHANDSHAKE]: Sending ticking packet info 'Registry minecraft:fluid' to 'fml:handshake' sequence 24
[25Jul2025 01:38:13.924] [Netty Epoll Server IO #0/DEBUG] [net.minecraftforge.network.LoginWrapper/FMLHANDSHAKE]: Recieved login wrapper packet event for channel fml:handshake with index 22
[25Jul2025 01:38:13.924] [Netty Epoll Server IO #0/DEBUG] [net.minecraftforge.network.HandshakeHandler/FMLHANDSHAKE]: Received client indexed reply 22 of type net.minecraftforge.network.HandshakeMessages$C2SAcknowledge
[25Jul2025 01:38:13.925] [Netty Epoll Server IO #0/DEBUG] [net.minecraftforge.network.HandshakeHandler/FMLHANDSHAKE]: Received acknowledgement from client
[25Jul2025 01:38:13.943] [Server thread/DEBUG] [net.minecraftforge.network.HandshakeHandler/FMLHANDSHAKE]: Sending ticking packet info 'Registry minecraft:entity_type' to 'fml:handshake' sequence 25
[25Jul2025 01:38:13.968] [Netty Epoll Server IO #0/DEBUG] [net.minecraftforge.network.LoginWrapper/FMLHANDSHAKE]: Recieved login wrapper packet event for channel fml:handshake with index 23
[25Jul2025 01:38:13.968] [Netty Epoll Server IO #0/DEBUG] [net.minecraftforge.network.HandshakeHandler/FMLHANDSHAKE]: Received client indexed reply 23 of type net.minecraftforge.network.HandshakeMessages$C2SAcknowledge
[25Jul2025 01:38:13.968] [Netty Epoll Server IO #0/DEBUG] [net.minecraftforge.network.HandshakeHandler/FMLHANDSHAKE]: Received acknowledgement from client
[25Jul2025 01:38:14.009] [Netty Epoll Server IO #0/DEBUG] [net.minecraftforge.network.LoginWrapper/FMLHANDSHAKE]: Recieved login wrapper packet event for channel fml:handshake with index 24
[25Jul2025 01:38:14.009] [Netty Epoll Server IO #0/DEBUG] [net.minecraftforge.network.HandshakeHandler/FMLHANDSHAKE]: Received client indexed reply 24 of type net.minecraftforge.network.HandshakeMessages$C2SAcknowledge
[25Jul2025 01:38:14.010] [Netty Epoll Server IO #0/DEBUG] [net.minecraftforge.network.HandshakeHandler/FMLHANDSHAKE]: Received acknowledgement from client
[25Jul2025 01:38:14.045] [Server thread/DEBUG] [net.minecraftforge.network.HandshakeHandler/FMLHANDSHAKE]: Sending ticking packet info 'Config jei-server.toml' to 'fml:handshake' sequence 26
[25Jul2025 01:38:14.167] [Server thread/DEBUG] [net.minecraftforge.network.HandshakeHandler/FMLHANDSHAKE]: Sending ticking packet info 'Config forge-server.toml' to 'fml:handshake' sequence 27
[25Jul2025 01:38:14.428] [Netty Epoll Server IO #0/DEBUG] [net.minecraftforge.network.LoginWrapper/FMLHANDSHAKE]: Recieved login wrapper packet event for channel fml:handshake with index 25
[25Jul2025 01:38:14.428] [Netty Epoll Server IO #0/DEBUG] [net.minecraftforge.network.HandshakeHandler/FMLHANDSHAKE]: Received client indexed reply 25 of type net.minecraftforge.network.HandshakeMessages$C2SAcknowledge
[25Jul2025 01:38:14.428] [Netty Epoll Server IO #0/DEBUG] [net.minecraftforge.network.HandshakeHandler/FMLHANDSHAKE]: Received acknowledgement from client
[25Jul2025 01:38:14.429] [Netty Epoll Server IO #0/DEBUG] [net.minecraftforge.network.LoginWrapper/FMLHANDSHAKE]: Recieved login wrapper packet event for channel fml:handshake with index 26
[25Jul2025 01:38:14.429] [Netty Epoll Server IO #0/DEBUG] [net.minecraftforge.network.HandshakeHandler/FMLHANDSHAKE]: Received client indexed reply 26 of type net.minecraftforge.network.HandshakeMessages$C2SAcknowledge
[25Jul2025 01:38:14.429] [Netty Epoll Server IO #0/DEBUG] [net.minecraftforge.network.HandshakeHandler/FMLHANDSHAKE]: Received acknowledgement from client
[25Jul2025 01:38:14.429] [Netty Epoll Server IO #0/DEBUG] [net.minecraftforge.network.LoginWrapper/FMLHANDSHAKE]: Recieved login wrapper packet event for channel fml:handshake with index 27
[25Jul2025 01:38:14.429] [Netty Epoll Server IO #0/DEBUG] [net.minecraftforge.network.HandshakeHandler/FMLHANDSHAKE]: Received client indexed reply 27 of type net.minecraftforge.network.HandshakeMessages$C2SAcknowledge
[25Jul2025 01:38:14.429] [Netty Epoll Server IO #0/DEBUG] [net.minecraftforge.network.HandshakeHandler/FMLHANDSHAKE]: Received acknowledgement from client
[25Jul2025 01:38:14.459] [Server thread/DEBUG] [net.minecraftforge.network.HandshakeHandler/FMLHANDSHAKE]: Handshake complete!
[25Jul2025 01:38:14.529] [Server thread/INFO] [net.minecraft.server.players.PlayerList/]: GrimmF[/127.90.99.43:44279] logged in with entity id 353 at (675.5402644692224, 97.0, 47.160578847790774)
[25Jul2025 01:38:14.530] [Server thread/DEBUG] [net.minecraftforge.network.filters.NetworkFilters/]: Injected net.minecraftforge.network.filters.ForgeConnectionNetworkFilter@5297d835 into net.minecraft.network.Connection@6dd0f150
[25Jul2025 01:38:14.539] [Server thread/INFO] [net.minecraft.server.MinecraftServer/]: GrimmF joined the game
[25Jul2025 01:38:50.107] [Server thread/INFO] [net.minecraft.server.MinecraftServer/]: Gaboooo fell from a high place
[25Jul2025 01:38:59.052] [Server thread/INFO] [net.minecraft.server.MinecraftServer/]: [Gaboooo: Teleported Gaboooo to GrimmF]
[25Jul2025 01:39:43.190] [Server thread/INFO] [net.minecraft.server.MinecraftServer/]: [Gaboooo: Teleported GrimmF to Gaboooo]
[25Jul2025 01:42:15.980] [Server thread/INFO] [net.minecraft.server.MinecraftServer/]: GrimmF was slain by Skeleton
[25Jul2025 01:42:23.361] [Server thread/INFO] [net.minecraft.server.MinecraftServer/]: [Gaboooo: Teleported GrimmF to Gaboooo]
[25Jul2025 01:43:01.544] [Server thread/DEBUG] [net.minecraftforge.common.ForgeHooks/WP]: Gathering id map for writing to world save world
[25Jul2025 01:43:01.558] [Server thread/DEBUG] [net.minecraftforge.common.ForgeHooks/WP]: ID Map collection complete world
[25Jul2025 01:43:07.361] [Server thread/INFO] [net.minecraft.server.MinecraftServer/]: Gaboooo has made the advancement [Acquire Hardware]
[25Jul2025 01:43:47.434] [Server thread/INFO] [net.minecraft.server.MinecraftServer/]: GrimmF has made the advancement [Cover Me with Diamonds]
[25Jul2025 01:45:39.180] [Server thread/INFO] [net.minecraft.server.MinecraftServer/]: GrimmF was slain by Husk
[25Jul2025 01:45:49.134] [Server thread/INFO] [net.minecraft.server.MinecraftServer/]: [Gaboooo: Teleported GrimmF to Gaboooo]
[25Jul2025 01:45:57.433] [Server thread/INFO] [net.minecraft.server.MinecraftServer/]: Gaboooo was slain by Husk
[25Jul2025 01:46:04.243] [Server thread/INFO] [net.minecraft.server.MinecraftServer/]: [Gaboooo: Teleported Gaboooo to GrimmF]
[25Jul2025 01:46:36.916] [Server thread/INFO] [net.minecraft.server.MinecraftServer/]: GrimmF has made the advancement [Ice Bucket Challenge]
